-- MySQL dump 10.13  Distrib 5.1.49, for debian-linux-gnu (x86_64)
--
-- Host: localhost    Database: template_editor
-- ------------------------------------------------------
-- Server version	5.1.49-1ubuntu8.1

/*!40101 SET @OLD_CHARACTER_SET_CLIENT=@@CHARACTER_SET_CLIENT */;
/*!40101 SET @OLD_CHARACTER_SET_RESULTS=@@CHARACTER_SET_RESULTS */;
/*!40101 SET @OLD_COLLATION_CONNECTION=@@COLLATION_CONNECTION */;
/*!40101 SET NAMES utf8 */;
/*!40103 SET @OLD_TIME_ZONE=@@TIME_ZONE */;
/*!40103 SET TIME_ZONE='+00:00' */;
/*!40014 SET @OLD_UNIQUE_CHECKS=@@UNIQUE_CHECKS, UNIQUE_CHECKS=0 */;
/*!40014 SET @OLD_FOREIGN_KEY_CHECKS=@@FOREIGN_KEY_CHECKS, FOREIGN_KEY_CHECKS=0 */;
/*!40101 SET @OLD_SQL_MODE=@@SQL_MODE, SQL_MODE='NO_AUTO_VALUE_ON_ZERO' */;
/*!40111 SET @OLD_SQL_NOTES=@@SQL_NOTES, SQL_NOTES=0 */;

--
-- Table structure for table `aim_templates`
--

DROP TABLE IF EXISTS `aim_templates`;
/*!40101 SET @saved_cs_client     = @@character_set_client */;
/*!40101 SET character_set_client = utf8 */;
CREATE TABLE `aim_templates` (
  `id` int(11) NOT NULL AUTO_INCREMENT,
  `name` varchar(255) DEFAULT NULL,
  `version` varchar(255) DEFAULT NULL,
  `description` text,
  `uid` varchar(255) DEFAULT NULL,
  `codeValue` varchar(255) DEFAULT NULL,
  `codeMeaning` varchar(255) DEFAULT NULL,
  `codingSchemeDesignator` varchar(255) DEFAULT NULL,
  `codingSchemeVersion` varchar(255) DEFAULT NULL,
  `authors` varchar(255) DEFAULT NULL,
  `creationDate` datetime DEFAULT NULL,
  `created_at` datetime DEFAULT NULL,
  `updated_at` datetime DEFAULT NULL,
  `user_id` int(11) DEFAULT NULL,
  PRIMARY KEY (`id`)
) ENGINE=InnoDB AUTO_INCREMENT=4 DEFAULT CHARSET=latin1;
/*!40101 SET character_set_client = @saved_cs_client */;

--
-- Dumping data for table `aim_templates`
--

LOCK TABLES `aim_templates` WRITE;
/*!40000 ALTER TABLE `aim_templates` DISABLE KEYS */;
INSERT INTO `aim_templates` VALUES (1,'VASARI_TWO','1.0','This is a VASARI template version 2.','123.987.32156.8454.1213156464.87987','VASARI-1','Brain Tumor Measurement','VASARI',NULL,'AIM Team','2011-08-05 00:00:00','2011-08-05 05:55:28','2011-08-05 05:55:28',1),(2,'VASARI_TWO','1.0','This is a VASARI template version 2.','123.987.32156.8454.1213156464.87987','VASARI-1','Brain Tumor Measurement','VASARI',NULL,'AIM Team','2011-08-11 00:00:00','2011-08-11 15:38:24','2011-08-11 15:38:24',2),(3,'Volumetry','','','','','','','','bucklera','2011-08-16 00:00:00','2011-08-16 18:59:15','2011-08-16 18:59:15',2);
/*!40000 ALTER TABLE `aim_templates` ENABLE KEYS */;
UNLOCK TABLES;

--
-- Table structure for table `aim_templates_template_containers`
--

DROP TABLE IF EXISTS `aim_templates_template_containers`;
/*!40101 SET @saved_cs_client     = @@character_set_client */;
/*!40101 SET character_set_client = utf8 */;
CREATE TABLE `aim_templates_template_containers` (
  `aim_template_id` int(11) NOT NULL,
  `template_container_id` int(11) NOT NULL,
  `created_at` datetime DEFAULT NULL,
  `updated_at` datetime DEFAULT NULL
) ENGINE=InnoDB DEFAULT CHARSET=latin1;
/*!40101 SET character_set_client = @saved_cs_client */;

--
-- Dumping data for table `aim_templates_template_containers`
--

LOCK TABLES `aim_templates_template_containers` WRITE;
/*!40000 ALTER TABLE `aim_templates_template_containers` DISABLE KEYS */;
INSERT INTO `aim_templates_template_containers` VALUES (1,1,'2011-08-05 05:55:28','2011-08-05 05:55:28'),(2,2,'2011-08-11 15:38:23','2011-08-11 15:38:23');
/*!40000 ALTER TABLE `aim_templates_template_containers` ENABLE KEYS */;
UNLOCK TABLES;

--
-- Table structure for table `allowed_terms`
--

DROP TABLE IF EXISTS `allowed_terms`;
/*!40101 SET @saved_cs_client     = @@character_set_client */;
/*!40101 SET character_set_client = utf8 */;
CREATE TABLE `allowed_terms` (
  `id` int(11) NOT NULL AUTO_INCREMENT,
  `codeMeaning` varchar(255) DEFAULT NULL,
  `codeValue` varchar(255) DEFAULT NULL,
  `codingSchemeDesignator` varchar(255) DEFAULT NULL,
  `imaging_observation_characteristic_id` int(11) DEFAULT NULL,
  `created_at` datetime DEFAULT NULL,
  `updated_at` datetime DEFAULT NULL,
  `anatomic_entity_characteristic_id` int(11) DEFAULT NULL,
  `component_id` int(11) DEFAULT NULL,
  `codingSchemeVersion` varchar(255) DEFAULT NULL,
  PRIMARY KEY (`id`)
) ENGINE=InnoDB AUTO_INCREMENT=84 DEFAULT CHARSET=latin1;
/*!40101 SET character_set_client = @saved_cs_client */;

--
-- Dumping data for table `allowed_terms`
--

LOCK TABLES `allowed_terms` WRITE;
/*!40000 ALTER TABLE `allowed_terms` DISABLE KEYS */;
INSERT INTO `allowed_terms` VALUES (1,'Right','G-A100','SRT',NULL,'2011-08-05 05:55:28','2011-08-05 05:55:28',1,NULL,NULL),(2,'Center/Bilateral','G-A102','SRT',NULL,'2011-08-05 05:55:28','2011-08-05 05:55:28',1,NULL,NULL),(3,'Left','G-A101','SRT',NULL,'2011-08-05 05:55:28','2011-08-05 05:55:28',1,NULL,NULL),(4,'Frontal lobe','RID6440','RadLex',NULL,'2011-08-05 05:55:28','2011-08-05 05:55:28',NULL,1,NULL),(5,'Temporal lobe','RID6476','RadLex',NULL,'2011-08-05 05:55:28','2011-08-05 05:55:28',NULL,1,NULL),(6,'Insula','RID6472','RadLex',NULL,'2011-08-05 05:55:28','2011-08-05 05:55:28',NULL,1,NULL),(7,'Parietal lobe','RID6493','RadLex',NULL,'2011-08-05 05:55:29','2011-08-05 05:55:29',NULL,1,NULL),(8,'Occipital lobe','RID6502','RadLex',NULL,'2011-08-05 05:55:29','2011-08-05 05:55:29',NULL,1,NULL),(9,'Brainstem','RID6677','RadLex',NULL,'2011-08-05 05:55:29','2011-08-05 05:55:29',NULL,1,NULL),(10,'Cerebellum','RID6815','RadLex',NULL,'2011-08-05 05:55:29','2011-08-05 05:55:29',NULL,1,NULL),(11,'Basal Ganglia','RID6537','RadLex',NULL,'2011-08-05 05:55:29','2011-08-05 05:55:29',NULL,1,NULL),(12,'Thalamus','RID6578','RadLex',NULL,'2011-08-05 05:55:29','2011-08-05 05:55:29',NULL,1,NULL),(13,'Corpus Callosum','RID6915','RadLex',NULL,'2011-08-05 05:55:29','2011-08-05 05:55:29',NULL,1,NULL),(14,'Enhancement Quality','67-1','VASARI',1,'2011-08-05 05:55:29','2011-08-05 05:55:29',NULL,NULL,NULL),(15,'Proportion Enhancing','59-1','VASARI',2,'2011-08-05 05:55:29','2011-08-05 05:55:29',NULL,NULL,NULL),(16,'Proportion nCET','19-1','VASARI',3,'2011-08-05 05:55:29','2011-08-05 05:55:29',NULL,NULL,NULL),(17,'Proportion Necrosis','49-1','VASARI',4,'2011-08-05 05:55:29','2011-08-05 05:55:29',NULL,NULL,NULL),(18,'Proportion of Edema','34-1','VASARI',5,'2011-08-05 05:55:30','2011-08-05 05:55:30',NULL,NULL,NULL),(19,'Cyst','80-1','VASARI',6,'2011-08-05 05:55:30','2011-08-05 05:55:30',NULL,NULL,NULL),(20,'Multifocal or Multicentric','13','VASARI',7,'2011-08-05 05:55:30','2011-08-05 05:55:30',NULL,NULL,NULL),(21,'T1/FLAIR ratio','90-1','VASARI',8,'2011-08-05 05:55:30','2011-08-05 05:55:30',NULL,NULL,NULL),(22,'Thickness of Enhancing Margin','01-1','VASARI',9,'2011-08-05 05:55:30','2011-08-05 05:55:30',NULL,NULL,NULL),(23,'Enhancing Margin Definition','12','VASARI',10,'2011-08-05 05:55:30','2011-08-05 05:55:30',NULL,NULL,NULL),(24,'Definition of the Non-Enhancing Margin','70','VASARI',11,'2011-08-05 05:55:30','2011-08-05 05:55:30',NULL,NULL,NULL),(25,'Hemorrhage','81-1','VASARI',12,'2011-08-05 05:55:30','2011-08-05 05:55:30',NULL,NULL,NULL),(26,'Diffusion','033-1','VASARI',13,'2011-08-05 05:55:30','2011-08-05 05:55:30',NULL,NULL,NULL),(27,'Pial invasion','04-1','VASARI',14,'2011-08-05 05:55:30','2011-08-05 05:55:30',NULL,NULL,NULL),(28,'Ependymal Extension','05-1','VASARI',15,'2011-08-05 05:55:31','2011-08-05 05:55:31',NULL,NULL,NULL),(29,'Cortical Involvement','06-1','VASARI',16,'2011-08-05 05:55:31','2011-08-05 05:55:31',NULL,NULL,NULL),(30,'Deep WM Invasion','6','VASARI',17,'2011-08-05 05:55:31','2011-08-05 05:55:31',NULL,NULL,NULL),(31,'nCET Tumor Crosses Midline','63','VASARI',18,'2011-08-05 05:55:31','2011-08-05 05:55:31',NULL,NULL,NULL),(32,'Enhancing Tumor Crosses Midline','3','VASARI',19,'2011-08-05 05:55:31','2011-08-05 05:55:31',NULL,NULL,NULL),(33,'Satellites','09-1','VASARI',20,'2011-08-05 05:55:31','2011-08-05 05:55:31',NULL,NULL,NULL),(34,'Calvarial Remodeling','10-1','VASARI',21,'2011-08-05 05:55:31','2011-08-05 05:55:31',NULL,NULL,NULL),(35,'FLAIR Signal Cross Midline','02-1','VASARI',22,'2011-08-05 05:55:31','2011-08-05 05:55:31',NULL,NULL,NULL),(36,'mass','RID3874','RadLex',NULL,'2011-08-05 05:55:31','2011-08-05 05:55:31',NULL,2,NULL),(37,'Eloquent Brain : None','85','VASARI',NULL,'2011-08-05 05:55:31','2011-08-05 05:55:31',NULL,3,NULL),(38,'Eloquent Brain : Speech Motor','86','VASARI',NULL,'2011-08-05 05:55:31','2011-08-05 05:55:31',NULL,3,NULL),(39,'Eloquent Brain : Speech Receptive','87','VASARI',NULL,'2011-08-05 05:55:31','2011-08-05 05:55:31',NULL,3,NULL),(40,'Eloquent Brain : Motor','88','VASARI',NULL,'2011-08-05 05:55:31','2011-08-05 05:55:31',NULL,3,NULL),(41,'Eloquent Brain : Vision','89','VASARI',NULL,'2011-08-05 05:55:31','2011-08-05 05:55:31',NULL,3,NULL),(42,'Right','G-A100','SRT',NULL,'2011-08-11 15:38:24','2011-08-11 15:38:24',2,NULL,NULL),(43,'Center/Bilateral','G-A102','SRT',NULL,'2011-08-11 15:38:24','2011-08-11 15:38:24',2,NULL,NULL),(44,'Left','G-A101','SRT',NULL,'2011-08-11 15:38:24','2011-08-11 15:38:24',2,NULL,NULL),(45,'Frontal lobe','RID6440','RadLex',NULL,'2011-08-11 15:38:24','2011-08-11 15:38:24',NULL,4,NULL),(46,'Temporal lobe','RID6476','RadLex',NULL,'2011-08-11 15:38:24','2011-08-11 15:38:24',NULL,4,NULL),(47,'Insula','RID6472','RadLex',NULL,'2011-08-11 15:38:24','2011-08-11 15:38:24',NULL,4,NULL),(48,'Parietal lobe','RID6493','RadLex',NULL,'2011-08-11 15:38:24','2011-08-11 15:38:24',NULL,4,NULL),(49,'Occipital lobe','RID6502','RadLex',NULL,'2011-08-11 15:38:24','2011-08-11 15:38:24',NULL,4,NULL),(50,'Brainstem','RID6677','RadLex',NULL,'2011-08-11 15:38:24','2011-08-11 15:38:24',NULL,4,NULL),(51,'Cerebellum','RID6815','RadLex',NULL,'2011-08-11 15:38:24','2011-08-11 15:38:24',NULL,4,NULL),(52,'Basal Ganglia','RID6537','RadLex',NULL,'2011-08-11 15:38:24','2011-08-11 15:38:24',NULL,4,NULL),(53,'Thalamus','RID6578','RadLex',NULL,'2011-08-11 15:38:24','2011-08-11 15:38:24',NULL,4,NULL),(54,'Corpus Callosum','RID6915','RadLex',NULL,'2011-08-11 15:38:24','2011-08-11 15:38:24',NULL,4,NULL),(55,'Enhancement Quality','67-1','VASARI',23,'2011-08-11 15:38:24','2011-08-11 15:38:24',NULL,NULL,NULL),(56,'Proportion Enhancing','59-1','VASARI',24,'2011-08-11 15:38:24','2011-08-11 15:38:24',NULL,NULL,NULL),(57,'Proportion nCET','19-1','VASARI',25,'2011-08-11 15:38:24','2011-08-11 15:38:24',NULL,NULL,NULL),(58,'Proportion Necrosis','49-1','VASARI',26,'2011-08-11 15:38:25','2011-08-11 15:38:25',NULL,NULL,NULL),(59,'Proportion of Edema','34-1','VASARI',27,'2011-08-11 15:38:25','2011-08-11 15:38:25',NULL,NULL,NULL),(60,'Cyst','80-1','VASARI',28,'2011-08-11 15:38:25','2011-08-11 15:38:25',NULL,NULL,NULL),(61,'Multifocal or Multicentric','13','VASARI',29,'2011-08-11 15:38:25','2011-08-11 15:38:25',NULL,NULL,NULL),(62,'T1/FLAIR ratio','90-1','VASARI',30,'2011-08-11 15:38:25','2011-08-11 15:38:25',NULL,NULL,NULL),(63,'Thickness of Enhancing Margin','01-1','VASARI',31,'2011-08-11 15:38:25','2011-08-11 15:38:25',NULL,NULL,NULL),(64,'Enhancing Margin Definition','12','VASARI',32,'2011-08-11 15:38:25','2011-08-11 15:38:25',NULL,NULL,NULL),(65,'Definition of the Non-Enhancing Margin','70','VASARI',33,'2011-08-11 15:38:26','2011-08-11 15:38:26',NULL,NULL,NULL),(66,'Hemorrhage','81-1','VASARI',34,'2011-08-11 15:38:26','2011-08-11 15:38:26',NULL,NULL,NULL),(67,'Diffusion','033-1','VASARI',35,'2011-08-11 15:38:26','2011-08-11 15:38:26',NULL,NULL,NULL),(68,'Pial invasion','04-1','VASARI',36,'2011-08-11 15:38:26','2011-08-11 15:38:26',NULL,NULL,NULL),(69,'Ependymal Extension','05-1','VASARI',37,'2011-08-11 15:38:26','2011-08-11 15:38:26',NULL,NULL,NULL),(70,'Cortical Involvement','06-1','VASARI',38,'2011-08-11 15:38:26','2011-08-11 15:38:26',NULL,NULL,NULL),(71,'Deep WM Invasion','6','VASARI',39,'2011-08-11 15:38:26','2011-08-11 15:38:26',NULL,NULL,NULL),(72,'nCET Tumor Crosses Midline','63','VASARI',40,'2011-08-11 15:38:26','2011-08-11 15:38:26',NULL,NULL,NULL),(73,'Enhancing Tumor Crosses Midline','3','VASARI',41,'2011-08-11 15:38:26','2011-08-11 15:38:26',NULL,NULL,NULL),(74,'Satellites','09-1','VASARI',42,'2011-08-11 15:38:26','2011-08-11 15:38:26',NULL,NULL,NULL),(75,'Calvarial Remodeling','10-1','VASARI',43,'2011-08-11 15:38:26','2011-08-11 15:38:26',NULL,NULL,NULL),(76,'FLAIR Signal Cross Midline','02-1','VASARI',44,'2011-08-11 15:38:26','2011-08-11 15:38:26',NULL,NULL,NULL),(77,'mass','RID3874','RadLex',NULL,'2011-08-11 15:38:26','2011-08-11 15:38:26',NULL,5,NULL),(78,'Eloquent Brain : None','85','VASARI',NULL,'2011-08-11 15:38:26','2011-08-11 15:38:26',NULL,6,NULL),(79,'Eloquent Brain : Speech Motor','86','VASARI',NULL,'2011-08-11 15:38:26','2011-08-11 15:38:26',NULL,6,NULL),(80,'Eloquent Brain : Speech Receptive','87','VASARI',NULL,'2011-08-11 15:38:27','2011-08-11 15:38:27',NULL,6,NULL),(81,'Eloquent Brain : Motor','88','VASARI',NULL,'2011-08-11 15:38:27','2011-08-11 15:38:27',NULL,6,NULL),(82,'Eloquent Brain : Vision','89','VASARI',NULL,'2011-08-11 15:38:27','2011-08-11 15:38:27',NULL,6,NULL),(83,NULL,NULL,NULL,NULL,'2011-08-16 19:00:07','2011-08-16 19:00:07',NULL,7,NULL);
/*!40000 ALTER TABLE `allowed_terms` ENABLE KEYS */;
UNLOCK TABLES;

--
-- Table structure for table `anatomic_entities`
--

DROP TABLE IF EXISTS `anatomic_entities`;
/*!40101 SET @saved_cs_client     = @@character_set_client */;
/*!40101 SET character_set_client = utf8 */;
CREATE TABLE `anatomic_entities` (
  `id` int(11) NOT NULL AUTO_INCREMENT,
  `created_at` datetime DEFAULT NULL,
  `updated_at` datetime DEFAULT NULL,
  `component_id` int(11) DEFAULT NULL,
  `annotatorConfidence` tinyint(1) DEFAULT NULL,
  PRIMARY KEY (`id`)
) ENGINE=InnoDB AUTO_INCREMENT=4 DEFAULT CHARSET=latin1;
/*!40101 SET character_set_client = @saved_cs_client */;

--
-- Dumping data for table `anatomic_entities`
--

LOCK TABLES `anatomic_entities` WRITE;
/*!40000 ALTER TABLE `anatomic_entities` DISABLE KEYS */;
INSERT INTO `anatomic_entities` VALUES (1,'2011-08-05 05:55:28','2011-08-05 05:55:28',1,1),(2,'2011-08-11 15:38:24','2011-08-11 15:38:24',4,1),(3,'2011-08-16 18:59:23','2011-08-16 18:59:23',7,0);
/*!40000 ALTER TABLE `anatomic_entities` ENABLE KEYS */;
UNLOCK TABLES;

--
-- Table structure for table `anatomic_entity_characteristics`
--

DROP TABLE IF EXISTS `anatomic_entity_characteristics`;
/*!40101 SET @saved_cs_client     = @@character_set_client */;
/*!40101 SET character_set_client = utf8 */;
CREATE TABLE `anatomic_entity_characteristics` (
  `id` int(11) NOT NULL AUTO_INCREMENT,
  `label` varchar(255) DEFAULT NULL,
  `minCardinality` int(11) DEFAULT NULL,
  `maxCardinality` int(11) DEFAULT NULL,
  `itemNumber` int(11) DEFAULT NULL,
  `shouldDisplay` tinyint(1) DEFAULT NULL,
  `explanatoryText` text,
  `authors` varchar(255) DEFAULT NULL,
  `annotatorConfidence` tinyint(1) DEFAULT NULL,
  `created_at` datetime DEFAULT NULL,
  `updated_at` datetime DEFAULT NULL,
  `anatomic_entity_id` int(11) DEFAULT NULL,
  PRIMARY KEY (`id`)
) ENGINE=InnoDB AUTO_INCREMENT=4 DEFAULT CHARSET=latin1;
/*!40101 SET character_set_client = @saved_cs_client */;

--
-- Dumping data for table `anatomic_entity_characteristics`
--

LOCK TABLES `anatomic_entity_characteristics` WRITE;
/*!40000 ALTER TABLE `anatomic_entity_characteristics` DISABLE KEYS */;
INSERT INTO `anatomic_entity_characteristics` VALUES (1,'Side of Tumor Center',1,1,0,1,'Side of lesion center',NULL,0,'2011-08-05 05:55:28','2011-08-05 17:49:18',1),(2,'Side of Tumor Center',1,1,0,1,'Side of lesion center',NULL,0,'2011-08-11 15:38:24','2011-08-11 15:38:37',2),(3,'',1,1,0,0,NULL,'bucklera',0,'2011-08-16 18:59:29','2011-08-16 18:59:29',3);
/*!40000 ALTER TABLE `anatomic_entity_characteristics` ENABLE KEYS */;
UNLOCK TABLES;

--
-- Table structure for table `calculations`
--

DROP TABLE IF EXISTS `calculations`;
/*!40101 SET @saved_cs_client     = @@character_set_client */;
/*!40101 SET character_set_client = utf8 */;
CREATE TABLE `calculations` (
  `id` int(11) NOT NULL AUTO_INCREMENT,
  `uid` varchar(255) DEFAULT NULL,
  `description` varchar(255) DEFAULT NULL,
  `mathML` varchar(255) DEFAULT NULL,
  `algorithmName` varchar(255) DEFAULT NULL,
  `algorithmVersion` varchar(255) DEFAULT NULL,
  `created_at` datetime DEFAULT NULL,
  `updated_at` datetime DEFAULT NULL,
  `component_id` int(11) DEFAULT NULL,
  PRIMARY KEY (`id`)
) ENGINE=InnoDB DEFAULT CHARSET=latin1;
/*!40101 SET character_set_client = @saved_cs_client */;

--
-- Dumping data for table `calculations`
--

LOCK TABLES `calculations` WRITE;
/*!40000 ALTER TABLE `calculations` DISABLE KEYS */;
/*!40000 ALTER TABLE `calculations` ENABLE KEYS */;
UNLOCK TABLES;

--
-- Table structure for table `characteristic_quantifications`
--

DROP TABLE IF EXISTS `characteristic_quantifications`;
/*!40101 SET @saved_cs_client     = @@character_set_client */;
/*!40101 SET character_set_client = utf8 */;
CREATE TABLE `characteristic_quantifications` (
  `id` int(11) NOT NULL AUTO_INCREMENT,
  `name` varchar(255) DEFAULT NULL,
  `type` varchar(255) DEFAULT NULL,
  `allowed_term_id` int(11) DEFAULT NULL,
  `created_at` datetime DEFAULT NULL,
  `updated_at` datetime DEFAULT NULL,
  `quantification_type` varchar(255) DEFAULT NULL,
  `annotatorConfidence` tinyint(1) DEFAULT NULL,
  PRIMARY KEY (`id`)
) ENGINE=InnoDB AUTO_INCREMENT=45 DEFAULT CHARSET=latin1;
/*!40101 SET character_set_client = @saved_cs_client */;

--
-- Dumping data for table `characteristic_quantifications`
--

LOCK TABLES `characteristic_quantifications` WRITE;
/*!40000 ALTER TABLE `characteristic_quantifications` DISABLE KEYS */;
INSERT INTO `characteristic_quantifications` VALUES (1,'Enhancement Quality Characteristic Quantification',NULL,14,'2011-08-05 05:55:29','2011-08-05 05:55:29',NULL,0),(2,'Percent Proportion Enhancing Characteristic Quantification',NULL,15,'2011-08-05 05:55:29','2011-08-05 05:55:29','intervals',0),(3,'Percent Proportion nCET Characteristic Quantification',NULL,16,'2011-08-05 05:55:29','2011-08-05 05:55:29','intervals',0),(4,'Percent Necrosis Characteristic Quantification',NULL,17,'2011-08-05 05:55:29','2011-08-05 05:55:30','intervals',0),(5,'Percent Proportion of Edema Characteristic Quantification',NULL,18,'2011-08-05 05:55:30','2011-08-05 05:55:30','intervals',0),(6,'Cyst Characteristic Quantification',NULL,19,'2011-08-05 05:55:30','2011-08-05 05:55:30',NULL,0),(7,'Multifocal or Multicentric Characteristic Quantification',NULL,20,'2011-08-05 05:55:30','2011-08-05 05:55:30',NULL,0),(8,'T1/FLAIR Characteristic Quantification',NULL,21,'2011-08-05 05:55:30','2011-08-05 05:55:30',NULL,0),(9,'Thickness of Enhancing Margin Characteristic Quantification',NULL,22,'2011-08-05 05:55:30','2011-08-05 05:55:30','numericals',0),(10,'Enhancing Margin Definition Characteristic Quantification',NULL,23,'2011-08-05 05:55:30','2011-08-05 05:55:30',NULL,0),(11,'Definition of the Non-Enhancing Margin Characteristic Quantification',NULL,24,'2011-08-05 05:55:30','2011-08-05 05:55:30',NULL,0),(12,'Hemorrhage Characteristic Quantification',NULL,25,'2011-08-05 05:55:30','2011-08-05 05:55:30',NULL,0),(13,'Diffusion Characteristic Quantification',NULL,26,'2011-08-05 05:55:30','2011-08-05 05:55:30',NULL,0),(14,'Pial invasion Characteristic Quantification',NULL,27,'2011-08-05 05:55:31','2011-08-05 05:55:31',NULL,0),(15,'Ependymal Extension Characteristic Quantification',NULL,28,'2011-08-05 05:55:31','2011-08-05 05:55:31',NULL,0),(16,'Cortical Involvement Characteristic Quantification',NULL,29,'2011-08-05 05:55:31','2011-08-05 05:55:31',NULL,0),(17,'Deep WM Invasion Characteristic Quantification',NULL,30,'2011-08-05 05:55:31','2011-08-05 05:55:31',NULL,0),(18,'nCET Tumor Crosses Midline Characteristic Quantification',NULL,31,'2011-08-05 05:55:31','2011-08-05 05:55:31',NULL,0),(19,'Enhancing Tumor Crosses Midline Characteristic Quantification',NULL,32,'2011-08-05 05:55:31','2011-08-05 05:55:31',NULL,0),(20,'Satellites Characteristic Quantification',NULL,33,'2011-08-05 05:55:31','2011-08-05 05:55:31',NULL,0),(21,'Calvarial Remodeling Characteristic Quantification',NULL,34,'2011-08-05 05:55:31','2011-08-05 05:55:31',NULL,0),(22,'FLAIR Signal Cross Midline Characteristic Quantification',NULL,35,'2011-08-05 05:55:31','2011-08-05 05:55:31',NULL,0),(23,'Enhancement Quality Characteristic Quantification',NULL,55,'2011-08-11 15:38:24','2011-08-11 15:38:24',NULL,0),(24,'Percent Proportion Enhancing Characteristic Quantification',NULL,56,'2011-08-11 15:38:24','2011-08-11 15:38:24','intervals',0),(25,'Percent Proportion nCET Characteristic Quantification',NULL,57,'2011-08-11 15:38:25','2011-08-11 15:38:25','intervals',0),(26,'Percent Necrosis Characteristic Quantification',NULL,58,'2011-08-11 15:38:25','2011-08-11 15:38:25','intervals',0),(27,'Percent Proportion of Edema Characteristic Quantification',NULL,59,'2011-08-11 15:38:25','2011-08-11 15:38:25','intervals',0),(28,'Cyst Characteristic Quantification',NULL,60,'2011-08-11 15:38:25','2011-08-11 15:38:25',NULL,0),(29,'Multifocal or Multicentric Characteristic Quantification',NULL,61,'2011-08-11 15:38:25','2011-08-11 15:38:25',NULL,0),(30,'T1/FLAIR Characteristic Quantification',NULL,62,'2011-08-11 15:38:25','2011-08-11 15:38:25',NULL,0),(31,'Thickness of Enhancing Margin Characteristic Quantification',NULL,63,'2011-08-11 15:38:25','2011-08-11 15:38:25','numericals',0),(32,'Enhancing Margin Definition Characteristic Quantification',NULL,64,'2011-08-11 15:38:25','2011-08-11 15:38:25',NULL,0),(33,'Definition of the Non-Enhancing Margin Characteristic Quantification',NULL,65,'2011-08-11 15:38:26','2011-08-11 15:38:26',NULL,0),(34,'Hemorrhage Characteristic Quantification',NULL,66,'2011-08-11 15:38:26','2011-08-11 15:38:26',NULL,0),(35,'Diffusion Characteristic Quantification',NULL,67,'2011-08-11 15:38:26','2011-08-11 15:38:26',NULL,0),(36,'Pial invasion Characteristic Quantification',NULL,68,'2011-08-11 15:38:26','2011-08-11 15:38:26',NULL,0),(37,'Ependymal Extension Characteristic Quantification',NULL,69,'2011-08-11 15:38:26','2011-08-11 15:38:26',NULL,0),(38,'Cortical Involvement Characteristic Quantification',NULL,70,'2011-08-11 15:38:26','2011-08-11 15:38:26',NULL,0),(39,'Deep WM Invasion Characteristic Quantification',NULL,71,'2011-08-11 15:38:26','2011-08-11 15:38:26',NULL,0),(40,'nCET Tumor Crosses Midline Characteristic Quantification',NULL,72,'2011-08-11 15:38:26','2011-08-11 15:38:26',NULL,0),(41,'Enhancing Tumor Crosses Midline Characteristic Quantification',NULL,73,'2011-08-11 15:38:26','2011-08-11 15:38:26',NULL,0),(42,'Satellites Characteristic Quantification',NULL,74,'2011-08-11 15:38:26','2011-08-11 15:38:26',NULL,0),(43,'Calvarial Remodeling Characteristic Quantification',NULL,75,'2011-08-11 15:38:26','2011-08-11 15:38:26',NULL,0),(44,'FLAIR Signal Cross Midline Characteristic Quantification',NULL,76,'2011-08-11 15:38:26','2011-08-11 15:38:26',NULL,0);
/*!40000 ALTER TABLE `characteristic_quantifications` ENABLE KEYS */;
UNLOCK TABLES;

--
-- Table structure for table `components`
--

DROP TABLE IF EXISTS `components`;
/*!40101 SET @saved_cs_client     = @@character_set_client */;
/*!40101 SET character_set_client = utf8 */;
CREATE TABLE `components` (
  `id` int(11) NOT NULL AUTO_INCREMENT,
  `label` varchar(255) DEFAULT NULL,
  `minCardinality` int(11) DEFAULT NULL,
  `maxCardinality` int(11) DEFAULT NULL,
  `itemNumber` int(11) DEFAULT NULL,
  `shouldDisplay` tinyint(1) DEFAULT NULL,
  `explanatoryText` varchar(255) DEFAULT NULL,
  `authors` varchar(255) DEFAULT NULL,
  `aim_template_id` int(11) DEFAULT NULL,
  `created_at` datetime DEFAULT NULL,
  `updated_at` datetime DEFAULT NULL,
  `component_type` varchar(255) DEFAULT NULL,
  PRIMARY KEY (`id`)
) ENGINE=InnoDB AUTO_INCREMENT=8 DEFAULT CHARSET=latin1;
/*!40101 SET character_set_client = @saved_cs_client */;

--
-- Dumping data for table `components`
--

LOCK TABLES `components` WRITE;
/*!40000 ALTER TABLE `components` DISABLE KEYS */;
INSERT INTO `components` VALUES (1,'Tumor Location',1,1,0,1,'Location of lesion geographic center (not all areas of involvement).',NULL,1,'2011-08-05 05:55:28','2011-08-05 17:49:18','anatomic_entity'),(2,'Lesion',1,1,1,0,'Select the type of lesion',NULL,1,'2011-08-05 05:55:29','2011-08-05 17:49:19','imaging_observation'),(3,'Eloquent Brain',1,1,2,1,'Select Eloquent Brain Involvement feature',NULL,1,'2011-08-05 05:55:31','2011-08-05 17:49:19','inference'),(4,'Tumor Location',1,1,0,1,'Location of lesion geographic center (not all areas of involvement).',NULL,2,'2011-08-11 15:38:24','2011-08-11 15:38:37','anatomic_entity'),(5,'Lesion',1,1,1,0,'Select the type of lesion',NULL,2,'2011-08-11 15:38:24','2011-08-11 15:38:38','imaging_observation'),(6,'Eloquent Brain',1,1,2,1,'Select Eloquent Brain Involvement feature',NULL,2,'2011-08-11 15:38:26','2011-08-11 15:38:38','inference'),(7,'',1,1,0,0,NULL,'bucklera',3,'2011-08-16 18:59:22','2011-08-16 18:59:23','anatomic_entity');
/*!40000 ALTER TABLE `components` ENABLE KEYS */;
UNLOCK TABLES;

--
-- Table structure for table `imaging_observation_characteristics`
--

DROP TABLE IF EXISTS `imaging_observation_characteristics`;
/*!40101 SET @saved_cs_client     = @@character_set_client */;
/*!40101 SET character_set_client = utf8 */;
CREATE TABLE `imaging_observation_characteristics` (
  `id` int(11) NOT NULL AUTO_INCREMENT,
  `label` varchar(255) DEFAULT NULL,
  `minCardinality` int(11) DEFAULT NULL,
  `maxCardinality` int(11) DEFAULT NULL,
  `itemNumber` int(11) DEFAULT NULL,
  `shouldDisplay` tinyint(1) DEFAULT NULL,
  `explanatoryText` text,
  `authors` varchar(255) DEFAULT NULL,
  `annotatorConfidence` tinyint(1) DEFAULT NULL,
  `created_at` datetime DEFAULT NULL,
  `updated_at` datetime DEFAULT NULL,
  `imaging_observation_id` int(11) DEFAULT NULL,
  PRIMARY KEY (`id`)
) ENGINE=InnoDB AUTO_INCREMENT=45 DEFAULT CHARSET=latin1;
/*!40101 SET character_set_client = @saved_cs_client */;

--
-- Dumping data for table `imaging_observation_characteristics`
--

LOCK TABLES `imaging_observation_characteristics` WRITE;
/*!40000 ALTER TABLE `imaging_observation_characteristics` DISABLE KEYS */;
INSERT INTO `imaging_observation_characteristics` VALUES (1,'Enhancement Quality',1,1,0,0,'Qualitative degree of contrast enhancement is defined as having all or portions of the tumor that demonstrate significantly higher signal on the postcontrast T1W images compared to precontrast T1W images. Mild/Minimal = when barely discernable degree of enhancement is present relative to pre-contrast images. Marked/avid = obvious tissue enhancement',NULL,0,'2011-08-05 05:55:29','2011-08-05 17:49:18',1),(2,'Proportion Enhancing',1,1,1,0,'Visually, when scanning through the entire tumor volume, what proportion of the entire tumor would you estimate is enhancing. (Assuming that the the entire abnormality may be comprised of: (1) an enhancing component, (2) a non-enhancing component, (3) a necrotic component and (4) a edema component.)',NULL,0,'2011-08-05 05:55:29','2011-08-05 17:49:18',1),(3,'Proportion nCET',1,1,2,0,'Visually, when scanning through the entire tumor, what proportion of the entire tumor is estimated to represent non-enhancing tumor (not edema)? Nonenhancing tumor is defined as regions of T2W hyperintensity (less than the intensity of cerebrospinal fluid, with corresponding T1W hypointensity) that are associated with mass effect and architectural distortion, including blurring of the gray-white interface.(Assuming that the the entire abnormality may be comprised of: (1) an enhancing component, (2) a non-enhancing component, (3) a necrotic component and (4) a edema component.)',NULL,0,'2011-08-05 05:55:29','2011-08-05 17:49:18',1),(4,'Proportion Necrosis',1,1,3,0,'Visually, when scanning through the entire tumor volume, what proportion of the tumor is estimated to represent necrosis. Necrosis is defined as a region within the tumor that does not enhance or shows markedly diminished enhancement, is high on T2W and proton density images, is low on T1W images, and has an irregular border). (Assuming that the the entire abnormality may be comprised of: (1) an enhancing component, (2) a non-enhancing component, (3) a necrotic component and (4) a edema component.)',NULL,0,'2011-08-05 05:55:29','2011-08-05 17:49:18',1),(5,'Proportion of Edema',1,1,4,0,'What proportion of the entire abnormality is vasogenic edema? (Edema should be greater in signal than than nCET and somewhat lower in signal than CSF. Pseudopods are characteristic of edema). (Assuming that the the entire abnormality may be comprised of: (1) an enhancing component, (2) a non-enhancing component, (3) a necrotic component and (4) a edema component.)',NULL,0,'2011-08-05 05:55:30','2011-08-05 17:49:18',1),(6,'Cysts',1,1,5,0,'Cysts are well defined, rounded, often eccentric regions of very bright T2W signal and low T1W signal essentially matching CSF signal intensity, with very thin, regular, smooth, nonenhancing or regularly enhancing walls, possibly with thin, regular, internal septations.',NULL,0,'2011-08-05 05:55:30','2011-08-05 17:49:18',1),(7,'Multifocal or Multicentric',1,1,6,0,'Multifocal is defined as having at least one region of tumor, either enhancing or nonenhancing, which is not contiguous with the dominant lesion and is outside the region of signal abnormality (edema) surrounding the dominant mass. This can be defined as those resulting from dissemination or growth by an established route, spread via commissural or other pathways, or via CSF channels or local metastases, whereas Multicentric are widely separated lesions in different lobes or different hemispheres that cannot be attributed to one of the previously mentioned pathways. Gliomatosis refers to generalized neoplastic transformation of the white matter of most of a hemisphere. ',NULL,0,'2011-08-05 05:55:30','2011-08-05 17:49:18',1),(8,'T1/FLAIR Ratio',1,1,7,0,'Tumor feature summary. [Mixed, expansive or infiltrative]. Expansive = size of pre-contrast T1 abnormality (exclusive of signal intensity) approximates size of FLAIR abnormality. Mixed = Size of T1 abnormality moderately less than FLAIR envelope; Infiltrative = Size of pre-contrast T1 abnormality much smaller than size of FLAIR abnormality. (Use T2 if FLAIR is not provided)',NULL,0,'2011-08-05 05:55:30','2011-08-05 17:49:18',1),(9,'Thickness of Enhancing Margin',1,1,8,0,'The scoring is not applicable if there is no contrast enhancement. If most of the enhancing rim is thin, regular, and measures < 3mm in thickness and has homogenous enhancement the grade is thin. If most of the rim demonstrates nodular and/or thick enhancement, the grade is thick. If there is only solid enhancement and no rim, the grade is solid.',NULL,0,'2011-08-05 05:55:30','2011-08-05 17:49:19',1),(10,'Definition of the Enhancing Margin',1,1,9,0,'The scoring is not applicable (n/a) if there is no contrast enhancement. Assess if most of the outside margin of the enhancement is well defined or poorly defined.',NULL,0,'2011-08-05 05:55:30','2011-08-05 17:49:19',1),(11,'Definition of the Non-Enhancing Margin',1,1,10,0,'If most of the outside nonenhancing margin of the tumor is well defined and smooth (geographic), versus if the margin is ill-defined and irregular.',NULL,1,'2011-08-05 05:55:30','2011-08-05 17:49:19',1),(12,'Hemorrhage',1,1,11,0,'Intrinsic hemorrhage in the tumor matrix. Any intrinsic foci of low signal on T2WI or high signal on T1WI. (Use Bo image if necessary for confirmation.)',NULL,0,'2011-08-05 05:55:30','2011-08-05 17:49:19',1),(13,'Diffusion',1,1,12,0,'Predominantly facilitated or restricted diffusion in the enhancing or nCET portion of the tumor. (Based on ADC map). Equivocal is neither. No ADC, use no-images. Proportion of tissue not relevant.',NULL,0,'2011-08-05 05:55:30','2011-08-05 17:49:19',1),(14,'Pial invasion',1,1,13,0,'Enhancement of the overlying pia in continuity with enhancing or non-enhancing tumor',NULL,0,'2011-08-05 05:55:30','2011-08-05 17:49:19',1),(15,'Ependymal Extension',1,1,14,0,'Extension of any adjacent ependymal surface in continuity with enhancing or non-enhancing tumor matrix',NULL,0,'2011-08-05 05:55:31','2011-08-05 17:49:19',1),(16,'Cortical Involvement',1,1,15,0,'Non-enhancing or enhancing tumor extending to the cortical mantle, or cortex is no longer distinguishable relative to subjacent tumor.',NULL,0,'2011-08-05 05:55:31','2011-08-05 17:49:19',1),(17,'Deep WM Invasion',1,1,16,0,'Enhancing or nCET tumor extending into the internal capsule or brainstem.',NULL,0,'2011-08-05 05:55:31','2011-08-05 17:49:19',1),(18,'nCET Tumor Crosses Midline',1,1,17,0,'nCET crosses into contralateral hemisphere through white matter commissures (exclusive of herniated ipsilateral tissue).',NULL,0,'2011-08-05 05:55:31','2011-08-05 17:49:19',1),(19,'Enhancing Tumor Crosses Midline',1,1,18,0,'Enhancing tissue crosses into contralateral hemisphere through white matter commisures (exclusive of herniated ipsilateral tissue).',NULL,1,'2011-08-05 05:55:31','2011-08-05 17:49:19',1),(20,'Satellites',1,1,19,0,'A satellite lesion is an area of enhancement within the region of signal abnormality surrounding the dominant lesion but not contiguous in any part with the major tumor mass.',NULL,0,'2011-08-05 05:55:31','2011-08-05 17:49:19',1),(21,'Calvarial Remodeling',1,1,20,0,'Erosion of inner table of skull (possibly a secondary sign of slow growth)',NULL,0,'2011-08-05 05:55:31','2011-08-05 17:49:19',1),(22,'FLAIR Signal Cross Midline',1,1,21,0,'FLAIR signal spans white matter commissures extending into contralateral hemisphere. (exclusive of herniated ipsilateral tissue).',NULL,0,'2011-08-05 05:55:31','2011-08-05 17:49:19',1),(23,'Enhancement Quality',1,1,0,0,'Qualitative degree of contrast enhancement is defined as having all or portions of the tumor that demonstrate significantly higher signal on the postcontrast T1W images compared to precontrast T1W images. Mild/Minimal = when barely discernable degree of enhancement is present relative to pre-contrast images. Marked/avid = obvious tissue enhancement',NULL,0,'2011-08-11 15:38:24','2011-08-11 15:38:37',2),(24,'Proportion Enhancing',1,1,1,0,'Visually, when scanning through the entire tumor volume, what proportion of the entire tumor would you estimate is enhancing. (Assuming that the the entire abnormality may be comprised of: (1) an enhancing component, (2) a non-enhancing component, (3) a necrotic component and (4) a edema component.)',NULL,0,'2011-08-11 15:38:24','2011-08-11 15:38:37',2),(25,'Proportion nCET',1,1,2,0,'Visually, when scanning through the entire tumor, what proportion of the entire tumor is estimated to represent non-enhancing tumor (not edema)? Nonenhancing tumor is defined as regions of T2W hyperintensity (less than the intensity of cerebrospinal fluid, with corresponding T1W hypointensity) that are associated with mass effect and architectural distortion, including blurring of the gray-white interface.(Assuming that the the entire abnormality may be comprised of: (1) an enhancing component, (2) a non-enhancing component, (3) a necrotic component and (4) a edema component.)',NULL,0,'2011-08-11 15:38:24','2011-08-11 15:38:37',2),(26,'Proportion Necrosis',1,1,3,0,'Visually, when scanning through the entire tumor volume, what proportion of the tumor is estimated to represent necrosis. Necrosis is defined as a region within the tumor that does not enhance or shows markedly diminished enhancement, is high on T2W and proton density images, is low on T1W images, and has an irregular border). (Assuming that the the entire abnormality may be comprised of: (1) an enhancing component, (2) a non-enhancing component, (3) a necrotic component and (4) a edema component.)',NULL,0,'2011-08-11 15:38:25','2011-08-11 15:38:37',2),(27,'Proportion of Edema',1,1,4,0,'What proportion of the entire abnormality is vasogenic edema? (Edema should be greater in signal than than nCET and somewhat lower in signal than CSF. Pseudopods are characteristic of edema). (Assuming that the the entire abnormality may be comprised of: (1) an enhancing component, (2) a non-enhancing component, (3) a necrotic component and (4) a edema component.)',NULL,0,'2011-08-11 15:38:25','2011-08-11 15:38:37',2),(28,'Cysts',1,1,5,0,'Cysts are well defined, rounded, often eccentric regions of very bright T2W signal and low T1W signal essentially matching CSF signal intensity, with very thin, regular, smooth, nonenhancing or regularly enhancing walls, possibly with thin, regular, internal septations.',NULL,0,'2011-08-11 15:38:25','2011-08-11 15:38:37',2),(29,'Multifocal or Multicentric',1,1,6,0,'Multifocal is defined as having at least one region of tumor, either enhancing or nonenhancing, which is not contiguous with the dominant lesion and is outside the region of signal abnormality (edema) surrounding the dominant mass. This can be defined as those resulting from dissemination or growth by an established route, spread via commissural or other pathways, or via CSF channels or local metastases, whereas Multicentric are widely separated lesions in different lobes or different hemispheres that cannot be attributed to one of the previously mentioned pathways. Gliomatosis refers to generalized neoplastic transformation of the white matter of most of a hemisphere. ',NULL,0,'2011-08-11 15:38:25','2011-08-11 15:38:37',2),(30,'T1/FLAIR Ratio',1,1,7,0,'Tumor feature summary. [Mixed, expansive or infiltrative]. Expansive = size of pre-contrast T1 abnormality (exclusive of signal intensity) approximates size of FLAIR abnormality. Mixed = Size of T1 abnormality moderately less than FLAIR envelope; Infiltrative = Size of pre-contrast T1 abnormality much smaller than size of FLAIR abnormality. (Use T2 if FLAIR is not provided)',NULL,0,'2011-08-11 15:38:25','2011-08-11 15:38:37',2),(31,'Thickness of Enhancing Margin',1,1,8,0,'The scoring is not applicable if there is no contrast enhancement. If most of the enhancing rim is thin, regular, and measures < 3mm in thickness and has homogenous enhancement the grade is thin. If most of the rim demonstrates nodular and/or thick enhancement, the grade is thick. If there is only solid enhancement and no rim, the grade is solid.',NULL,0,'2011-08-11 15:38:25','2011-08-11 15:38:37',2),(32,'Definition of the Enhancing Margin',1,1,9,0,'The scoring is not applicable (n/a) if there is no contrast enhancement. Assess if most of the outside margin of the enhancement is well defined or poorly defined.',NULL,0,'2011-08-11 15:38:25','2011-08-11 15:38:37',2),(33,'Definition of the Non-Enhancing Margin',1,1,10,0,'If most of the outside nonenhancing margin of the tumor is well defined and smooth (geographic), versus if the margin is ill-defined and irregular.',NULL,1,'2011-08-11 15:38:26','2011-08-11 15:38:37',2),(34,'Hemorrhage',1,1,11,0,'Intrinsic hemorrhage in the tumor matrix. Any intrinsic foci of low signal on T2WI or high signal on T1WI. (Use Bo image if necessary for confirmation.)',NULL,0,'2011-08-11 15:38:26','2011-08-11 15:38:37',2),(35,'Diffusion',1,1,12,0,'Predominantly facilitated or restricted diffusion in the enhancing or nCET portion of the tumor. (Based on ADC map). Equivocal is neither. No ADC, use no-images. Proportion of tissue not relevant.',NULL,0,'2011-08-11 15:38:26','2011-08-11 15:38:37',2),(36,'Pial invasion',1,1,13,0,'Enhancement of the overlying pia in continuity with enhancing or non-enhancing tumor',NULL,0,'2011-08-11 15:38:26','2011-08-11 15:38:38',2),(37,'Ependymal Extension',1,1,14,0,'Extension of any adjacent ependymal surface in continuity with enhancing or non-enhancing tumor matrix',NULL,0,'2011-08-11 15:38:26','2011-08-11 15:38:38',2),(38,'Cortical Involvement',1,1,15,0,'Non-enhancing or enhancing tumor extending to the cortical mantle, or cortex is no longer distinguishable relative to subjacent tumor.',NULL,0,'2011-08-11 15:38:26','2011-08-11 15:38:38',2),(39,'Deep WM Invasion',1,1,16,0,'Enhancing or nCET tumor extending into the internal capsule or brainstem.',NULL,0,'2011-08-11 15:38:26','2011-08-11 15:38:38',2),(40,'nCET Tumor Crosses Midline',1,1,17,0,'nCET crosses into contralateral hemisphere through white matter commissures (exclusive of herniated ipsilateral tissue).',NULL,0,'2011-08-11 15:38:26','2011-08-11 15:38:38',2),(41,'Enhancing Tumor Crosses Midline',1,1,18,0,'Enhancing tissue crosses into contralateral hemisphere through white matter commisures (exclusive of herniated ipsilateral tissue).',NULL,1,'2011-08-11 15:38:26','2011-08-11 15:38:38',2),(42,'Satellites',1,1,19,0,'A satellite lesion is an area of enhancement within the region of signal abnormality surrounding the dominant lesion but not contiguous in any part with the major tumor mass.',NULL,0,'2011-08-11 15:38:26','2011-08-11 15:38:38',2),(43,'Calvarial Remodeling',1,1,20,0,'Erosion of inner table of skull (possibly a secondary sign of slow growth)',NULL,0,'2011-08-11 15:38:26','2011-08-11 15:38:38',2),(44,'FLAIR Signal Cross Midline',1,1,21,0,'FLAIR signal spans white matter commissures extending into contralateral hemisphere. (exclusive of herniated ipsilateral tissue).',NULL,0,'2011-08-11 15:38:26','2011-08-11 15:38:38',2);
/*!40000 ALTER TABLE `imaging_observation_characteristics` ENABLE KEYS */;
UNLOCK TABLES;

--
-- Table structure for table `imaging_observations`
--

DROP TABLE IF EXISTS `imaging_observations`;
/*!40101 SET @saved_cs_client     = @@character_set_client */;
/*!40101 SET character_set_client = utf8 */;
CREATE TABLE `imaging_observations` (
  `id` int(11) NOT NULL AUTO_INCREMENT,
  `annotatorConfidence` tinyint(1) DEFAULT NULL,
  `created_at` datetime DEFAULT NULL,
  `updated_at` datetime DEFAULT NULL,
  `component_id` int(11) DEFAULT NULL,
  PRIMARY KEY (`id`)
) ENGINE=InnoDB AUTO_INCREMENT=3 DEFAULT CHARSET=latin1;
/*!40101 SET character_set_client = @saved_cs_client */;

--
-- Dumping data for table `imaging_observations`
--

LOCK TABLES `imaging_observations` WRITE;
/*!40000 ALTER TABLE `imaging_observations` DISABLE KEYS */;
INSERT INTO `imaging_observations` VALUES (1,1,'2011-08-05 05:55:29','2011-08-05 05:55:29',2),(2,1,'2011-08-11 15:38:24','2011-08-11 15:38:24',5);
/*!40000 ALTER TABLE `imaging_observations` ENABLE KEYS */;
UNLOCK TABLES;

--
-- Table structure for table `inferences`
--

DROP TABLE IF EXISTS `inferences`;
/*!40101 SET @saved_cs_client     = @@character_set_client */;
/*!40101 SET character_set_client = utf8 */;
CREATE TABLE `inferences` (
  `id` int(11) NOT NULL AUTO_INCREMENT,
  `annotatorConfidence` tinyint(1) DEFAULT NULL,
  `component_id` int(11) DEFAULT NULL,
  `created_at` datetime DEFAULT NULL,
  `updated_at` datetime DEFAULT NULL,
  PRIMARY KEY (`id`)
) ENGINE=InnoDB AUTO_INCREMENT=3 DEFAULT CHARSET=latin1;
/*!40101 SET character_set_client = @saved_cs_client */;

--
-- Dumping data for table `inferences`
--

LOCK TABLES `inferences` WRITE;
/*!40000 ALTER TABLE `inferences` DISABLE KEYS */;
INSERT INTO `inferences` VALUES (1,0,3,'2011-08-05 05:55:31','2011-08-05 05:55:31'),(2,0,6,'2011-08-11 15:38:26','2011-08-11 15:38:26');
/*!40000 ALTER TABLE `inferences` ENABLE KEYS */;
UNLOCK TABLES;

--
-- Table structure for table `intervals`
--

DROP TABLE IF EXISTS `intervals`;
/*!40101 SET @saved_cs_client     = @@character_set_client */;
/*!40101 SET character_set_client = utf8 */;
CREATE TABLE `intervals` (
  `id` int(11) NOT NULL AUTO_INCREMENT,
  `ucumString` varchar(255) DEFAULT NULL,
  `maxValue` float DEFAULT NULL,
  `minValue` float DEFAULT NULL,
  `characteristic_quantification_id` int(11) DEFAULT NULL,
  `created_at` datetime DEFAULT NULL,
  `updated_at` datetime DEFAULT NULL,
  `minOperator` varchar(255) DEFAULT NULL,
  `maxOperator` varchar(255) DEFAULT NULL,
  PRIMARY KEY (`id`)
) ENGINE=InnoDB AUTO_INCREMENT=57 DEFAULT CHARSET=latin1;
/*!40101 SET character_set_client = @saved_cs_client */;

--
-- Dumping data for table `intervals`
--

LOCK TABLES `intervals` WRITE;
/*!40000 ALTER TABLE `intervals` DISABLE KEYS */;
INSERT INTO `intervals` VALUES (1,'%',0,0,2,'2011-08-05 05:55:29','2011-08-05 05:55:29','Equal','Equal'),(2,'%',5,5,2,'2011-08-05 05:55:29','2011-08-05 05:55:29','LessThan','LessThan'),(3,'%',33,6,2,'2011-08-05 05:55:29','2011-08-05 05:55:29','GreaterThanEqual','LessThanEqual'),(4,'%',67,34,2,'2011-08-05 05:55:29','2011-08-05 05:55:29','GreaterThanEqual','LessThanEqual'),(5,'%',95,68,2,'2011-08-05 05:55:29','2011-08-05 05:55:29','GreaterThanEqual','LessThanEqual'),(6,'%',95,95,2,'2011-08-05 05:55:29','2011-08-05 05:55:29','GreaterThan','GreaterThan'),(7,'%',100,100,2,'2011-08-05 05:55:29','2011-08-05 05:55:29','Equal','Equal'),(8,'%',0,0,3,'2011-08-05 05:55:29','2011-08-05 05:55:29','Equal','Equal'),(9,'%',5,5,3,'2011-08-05 05:55:29','2011-08-05 05:55:29','LessThan','LessThan'),(10,'%',33,6,3,'2011-08-05 05:55:29','2011-08-05 05:55:29','GreaterThanEqual','LessThanEqual'),(11,'%',67,34,3,'2011-08-05 05:55:29','2011-08-05 05:55:29','GreaterThanEqual','LessThanEqual'),(12,'%',95,68,3,'2011-08-05 05:55:29','2011-08-05 05:55:29','GreaterThanEqual','LessThanEqual'),(13,'%',95,95,3,'2011-08-05 05:55:29','2011-08-05 05:55:29','GreaterThan','GreaterThan'),(14,'%',100,100,3,'2011-08-05 05:55:29','2011-08-05 05:55:29','Equal','Equal'),(15,'%',0,0,4,'2011-08-05 05:55:29','2011-08-05 05:55:29','Equal','Equal'),(16,'%',5,5,4,'2011-08-05 05:55:29','2011-08-05 05:55:29','LessThan','LessThan'),(17,'%',33,6,4,'2011-08-05 05:55:30','2011-08-05 05:55:30','GreaterThanEqual','LessThanEqual'),(18,'%',67,34,4,'2011-08-05 05:55:30','2011-08-05 05:55:30','GreaterThanEqual','LessThanEqual'),(19,'%',95,68,4,'2011-08-05 05:55:30','2011-08-05 05:55:30','GreaterThanEqual','LessThanEqual'),(20,'%',95,95,4,'2011-08-05 05:55:30','2011-08-05 05:55:30','GreaterThan','GreaterThan'),(21,'%',100,100,4,'2011-08-05 05:55:30','2011-08-05 05:55:30','Equal','Equal'),(22,'%',0,0,5,'2011-08-05 05:55:30','2011-08-05 05:55:30','Equal','Equal'),(23,'%',5,5,5,'2011-08-05 05:55:30','2011-08-05 05:55:30','LessThan','LessThan'),(24,'%',33,6,5,'2011-08-05 05:55:30','2011-08-05 05:55:30','GreaterThanEqual','LessThanEqual'),(25,'%',67,34,5,'2011-08-05 05:55:30','2011-08-05 05:55:30','GreaterThanEqual','LessThanEqual'),(26,'%',95,68,5,'2011-08-05 05:55:30','2011-08-05 05:55:30','GreaterThanEqual','LessThanEqual'),(27,'%',95,95,5,'2011-08-05 05:55:30','2011-08-05 05:55:30','GreaterThan','GreaterThan'),(28,'%',100,100,5,'2011-08-05 05:55:30','2011-08-05 05:55:30','Equal','Equal'),(29,'%',0,0,24,'2011-08-11 15:38:24','2011-08-11 15:38:24','Equal','Equal'),(30,'%',5,5,24,'2011-08-11 15:38:24','2011-08-11 15:38:24','LessThan','LessThan'),(31,'%',33,6,24,'2011-08-11 15:38:24','2011-08-11 15:38:24','GreaterThanEqual','LessThanEqual'),(32,'%',67,34,24,'2011-08-11 15:38:24','2011-08-11 15:38:24','GreaterThanEqual','LessThanEqual'),(33,'%',95,68,24,'2011-08-11 15:38:24','2011-08-11 15:38:24','GreaterThanEqual','LessThanEqual'),(34,'%',95,95,24,'2011-08-11 15:38:24','2011-08-11 15:38:24','GreaterThan','GreaterThan'),(35,'%',100,100,24,'2011-08-11 15:38:24','2011-08-11 15:38:24','Equal','Equal'),(36,'%',0,0,25,'2011-08-11 15:38:25','2011-08-11 15:38:25','Equal','Equal'),(37,'%',5,5,25,'2011-08-11 15:38:25','2011-08-11 15:38:25','LessThan','LessThan'),(38,'%',33,6,25,'2011-08-11 15:38:25','2011-08-11 15:38:25','GreaterThanEqual','LessThanEqual'),(39,'%',67,34,25,'2011-08-11 15:38:25','2011-08-11 15:38:25','GreaterThanEqual','LessThanEqual'),(40,'%',95,68,25,'2011-08-11 15:38:25','2011-08-11 15:38:25','GreaterThanEqual','LessThanEqual'),(41,'%',95,95,25,'2011-08-11 15:38:25','2011-08-11 15:38:25','GreaterThan','GreaterThan'),(42,'%',100,100,25,'2011-08-11 15:38:25','2011-08-11 15:38:25','Equal','Equal'),(43,'%',0,0,26,'2011-08-11 15:38:25','2011-08-11 15:38:25','Equal','Equal'),(44,'%',5,5,26,'2011-08-11 15:38:25','2011-08-11 15:38:25','LessThan','LessThan'),(45,'%',33,6,26,'2011-08-11 15:38:25','2011-08-11 15:38:25','GreaterThanEqual','LessThanEqual'),(46,'%',67,34,26,'2011-08-11 15:38:25','2011-08-11 15:38:25','GreaterThanEqual','LessThanEqual'),(47,'%',95,68,26,'2011-08-11 15:38:25','2011-08-11 15:38:25','GreaterThanEqual','LessThanEqual'),(48,'%',95,95,26,'2011-08-11 15:38:25','2011-08-11 15:38:25','GreaterThan','GreaterThan'),(49,'%',100,100,26,'2011-08-11 15:38:25','2011-08-11 15:38:25','Equal','Equal'),(50,'%',0,0,27,'2011-08-11 15:38:25','2011-08-11 15:38:25','Equal','Equal'),(51,'%',5,5,27,'2011-08-11 15:38:25','2011-08-11 15:38:25','LessThan','LessThan'),(52,'%',33,6,27,'2011-08-11 15:38:25','2011-08-11 15:38:25','GreaterThanEqual','LessThanEqual'),(53,'%',67,34,27,'2011-08-11 15:38:25','2011-08-11 15:38:25','GreaterThanEqual','LessThanEqual'),(54,'%',95,68,27,'2011-08-11 15:38:25','2011-08-11 15:38:25','GreaterThanEqual','LessThanEqual'),(55,'%',95,95,27,'2011-08-11 15:38:25','2011-08-11 15:38:25','GreaterThan','GreaterThan'),(56,'%',100,100,27,'2011-08-11 15:38:25','2011-08-11 15:38:25','Equal','Equal');
/*!40000 ALTER TABLE `intervals` ENABLE KEYS */;
UNLOCK TABLES;

--
-- Table structure for table `lexicon_terms`
--

DROP TABLE IF EXISTS `lexicon_terms`;
/*!40101 SET @saved_cs_client     = @@character_set_client */;
/*!40101 SET character_set_client = utf8 */;
CREATE TABLE `lexicon_terms` (
  `id` int(11) NOT NULL AUTO_INCREMENT,
  `codeMeaning` varchar(255) DEFAULT NULL,
  `codeValue` varchar(255) DEFAULT NULL,
  `codingSchemeDesignator` varchar(255) DEFAULT NULL,
  `description` text,
  `lexicon_term_id` int(11) DEFAULT NULL,
  `created_at` datetime DEFAULT NULL,
  `updated_at` datetime DEFAULT NULL,
  `codingSchemeVersion` varchar(255) DEFAULT NULL,
  `lexiconName` varchar(255) DEFAULT NULL,
  PRIMARY KEY (`id`)
) ENGINE=InnoDB DEFAULT CHARSET=latin1;
/*!40101 SET character_set_client = @saved_cs_client */;

--
-- Dumping data for table `lexicon_terms`
--

LOCK TABLES `lexicon_terms` WRITE;
/*!40000 ALTER TABLE `lexicon_terms` DISABLE KEYS */;
/*!40000 ALTER TABLE `lexicon_terms` ENABLE KEYS */;
UNLOCK TABLES;

--
-- Table structure for table `non_quantifiables`
--

DROP TABLE IF EXISTS `non_quantifiables`;
/*!40101 SET @saved_cs_client     = @@character_set_client */;
/*!40101 SET character_set_client = utf8 */;
CREATE TABLE `non_quantifiables` (
  `id` int(11) NOT NULL AUTO_INCREMENT,
  `codeMeaning` varchar(255) DEFAULT NULL,
  `codeValue` varchar(255) DEFAULT NULL,
  `codingSchemeDesignator` varchar(255) DEFAULT NULL,
  `codingSchemeVersion` varchar(255) DEFAULT NULL,
  `characteristic_quantification_id` int(11) DEFAULT NULL,
  `created_at` datetime DEFAULT NULL,
  `updated_at` datetime DEFAULT NULL,
  `allowed_term_id` int(11) DEFAULT NULL,
  PRIMARY KEY (`id`)
) ENGINE=InnoDB AUTO_INCREMENT=145 DEFAULT CHARSET=latin1;
/*!40101 SET character_set_client = @saved_cs_client */;

--
-- Dumping data for table `non_quantifiables`
--

LOCK TABLES `non_quantifiables` WRITE;
/*!40000 ALTER TABLE `non_quantifiables` DISABLE KEYS */;
INSERT INTO `non_quantifiables` VALUES (1,'None','R-40775','SRT',NULL,1,'2011-08-05 05:55:29','2011-08-05 05:55:29',NULL),(2,'Mild','R-404FA','SRT',NULL,1,'2011-08-05 05:55:29','2011-08-05 05:55:29',NULL),(3,'Marked','A10767872','NCI',NULL,1,'2011-08-05 05:55:29','2011-08-05 05:55:29',NULL),(4,'Indeterminate','C48658','NCI',NULL,1,'2011-08-05 05:55:29','2011-08-05 05:55:29',NULL),(5,'Not Applicable','R-400F9','SRT',NULL,2,'2011-08-05 05:55:29','2011-08-05 05:55:29',NULL),(6,'Indeterminate','C48658','NCI',NULL,2,'2011-08-05 05:55:29','2011-08-05 05:55:29',NULL),(7,'Not Applicable','R-400F9','SRT',NULL,3,'2011-08-05 05:55:29','2011-08-05 05:55:29',NULL),(8,'Indeterminate','C48658','NCI',NULL,3,'2011-08-05 05:55:29','2011-08-05 05:55:29',NULL),(9,'Indeterminate','C48658','NCI',NULL,4,'2011-08-05 05:55:30','2011-08-05 05:55:30',NULL),(10,'Indeterminate','C48658','NCI',NULL,5,'2011-08-05 05:55:30','2011-08-05 05:55:30',NULL),(11,'Absent','R-4089B','SRT',NULL,6,'2011-08-05 05:55:30','2011-08-05 05:55:30',NULL),(12,'Present','G-A203','SRT',NULL,6,'2011-08-05 05:55:30','2011-08-05 05:55:30',NULL),(13,'Indeterminate','C48658','NCI',NULL,6,'2011-08-05 05:55:30','2011-08-05 05:55:30',NULL),(14,'Focal','RID5702','RadLex',NULL,7,'2011-08-05 05:55:30','2011-08-05 05:55:30',NULL),(15,'Multifocal','RID5703','RadLex',NULL,7,'2011-08-05 05:55:30','2011-08-05 05:55:30',NULL),(16,'Multicentric','R-40353','SRT',NULL,7,'2011-08-05 05:55:30','2011-08-05 05:55:30',NULL),(17,'Gliomatosis','RID4427','RadLex',NULL,7,'2011-08-05 05:55:30','2011-08-05 05:55:30',NULL),(18,'Indeterminate','C48658','NCI',NULL,7,'2011-08-05 05:55:30','2011-08-05 05:55:30',NULL),(19,'Not Applicable','R-400F9','SRT',NULL,8,'2011-08-05 05:55:30','2011-08-05 05:55:30',NULL),(20,'Expansive ','90','VASARI',NULL,8,'2011-08-05 05:55:30','2011-08-05 05:55:30',NULL),(21,'Mixed','RID5890','RadLex',NULL,8,'2011-08-05 05:55:30','2011-08-05 05:55:30',NULL),(22,'Infiltrative','92','VASARI',NULL,8,'2011-08-05 05:55:30','2011-08-05 05:55:30',NULL),(23,'Indeterminate','C48658','NCI',NULL,8,'2011-08-05 05:55:30','2011-08-05 05:55:30',NULL),(24,'None','R-40775','SRT',NULL,9,'2011-08-05 05:55:30','2011-08-05 05:55:30',NULL),(25,'Solid','G-A301','SRT',NULL,9,'2011-08-05 05:55:30','2011-08-05 05:55:30',NULL),(26,'Indeterminate','C48658','NCI',NULL,9,'2011-08-05 05:55:30','2011-08-05 05:55:30',NULL),(27,'Not Applicable','R-400F9','SRT',NULL,10,'2011-08-05 05:55:30','2011-08-05 05:55:30',NULL),(28,'Well-defined','C81187','NCI',NULL,10,'2011-08-05 05:55:30','2011-08-05 05:55:30',NULL),(29,'Poorly defined','R-428E7','SRT',NULL,10,'2011-08-05 05:55:30','2011-08-05 05:55:30',NULL),(30,'Indeterminate','C48658','NCI',NULL,10,'2011-08-05 05:55:30','2011-08-05 05:55:30',NULL),(31,'Well-defined','71','VASARI',NULL,11,'2011-08-05 05:55:30','2011-08-05 05:55:30',NULL),(32,'Poorly-defined','72','VASARI',NULL,11,'2011-08-05 05:55:30','2011-08-05 05:55:30',NULL),(33,'Indeterminate','C48658','NCI',NULL,11,'2011-08-05 05:55:30','2011-08-05 05:55:30',NULL),(34,'Present','G-A203','SRT',NULL,12,'2011-08-05 05:55:30','2011-08-05 05:55:30',NULL),(35,'Absent','R-4089B','SRT',NULL,12,'2011-08-05 05:55:30','2011-08-05 05:55:30',NULL),(36,'Indeterminate','C48658','NCI',NULL,12,'2011-08-05 05:55:30','2011-08-05 05:55:30',NULL),(37,'No Image','03-1','SRT',NULL,13,'2011-08-05 05:55:30','2011-08-05 05:55:30',NULL),(38,'Facilitated','C82345','SRT',NULL,13,'2011-08-05 05:55:30','2011-08-05 05:55:30',NULL),(39,'Restricted','C82346','SRT',NULL,13,'2011-08-05 05:55:30','2011-08-05 05:55:30',NULL),(40,'Mixed','RID5890','RadLex',NULL,13,'2011-08-05 05:55:30','2011-08-05 05:55:30',NULL),(41,'Indeterminate','C48658','NCI',NULL,13,'2011-08-05 05:55:30','2011-08-05 05:55:30',NULL),(42,'Present','G-A203','SRT',NULL,14,'2011-08-05 05:55:31','2011-08-05 05:55:31',NULL),(43,'Absent','R-4089B','SRT',NULL,14,'2011-08-05 05:55:31','2011-08-05 05:55:31',NULL),(44,'Indeterminate','C48658','NCI',NULL,14,'2011-08-05 05:55:31','2011-08-05 05:55:31',NULL),(45,'Present','G-A203','SRT',NULL,15,'2011-08-05 05:55:31','2011-08-05 05:55:31',NULL),(46,'Absent','R-4089B','SRT',NULL,15,'2011-08-05 05:55:31','2011-08-05 05:55:31',NULL),(47,'Indeterminate','C48658','NCI',NULL,15,'2011-08-05 05:55:31','2011-08-05 05:55:31',NULL),(48,'Present','G-A203','SRT',NULL,16,'2011-08-05 05:55:31','2011-08-05 05:55:31',NULL),(49,'Absent','R-4089B','SRT',NULL,16,'2011-08-05 05:55:31','2011-08-05 05:55:31',NULL),(50,'Indeterminate','C48658','NCI',NULL,16,'2011-08-05 05:55:31','2011-08-05 05:55:31',NULL),(51,'None','R-40775','SRT',NULL,17,'2011-08-05 05:55:31','2011-08-05 05:55:31',NULL),(52,'Internal Capsule','RID6941','RadLex',NULL,17,'2011-08-05 05:55:31','2011-08-05 05:55:31',NULL),(53,'Corpus Callosum','RID6915','RadLex',NULL,17,'2011-08-05 05:55:31','2011-08-05 05:55:31',NULL),(54,'Brainstem','RID6677','RadLex',NULL,17,'2011-08-05 05:55:31','2011-08-05 05:55:31',NULL),(55,'Indeterminate','C48658','NCI',NULL,17,'2011-08-05 05:55:31','2011-08-05 05:55:31',NULL),(56,'Not Applicable','R-400F9','SRT',NULL,18,'2011-08-05 05:55:31','2011-08-05 05:55:31',NULL),(57,'Present','G-A203','SRT',NULL,18,'2011-08-05 05:55:31','2011-08-05 05:55:31',NULL),(58,'Absent','R-4089B','SRT',NULL,18,'2011-08-05 05:55:31','2011-08-05 05:55:31',NULL),(59,'Indeterminate','C48658','NCI',NULL,18,'2011-08-05 05:55:31','2011-08-05 05:55:31',NULL),(60,'Not Applicable','R-400F9','SRT',NULL,19,'2011-08-05 05:55:31','2011-08-05 05:55:31',NULL),(61,'Present','G-A203','SRT',NULL,19,'2011-08-05 05:55:31','2011-08-05 05:55:31',NULL),(62,'Absent','R-4089B','SRT',NULL,19,'2011-08-05 05:55:31','2011-08-05 05:55:31',NULL),(63,'Indeterminate','C48658','NCI',NULL,19,'2011-08-05 05:55:31','2011-08-05 05:55:31',NULL),(64,'Present','G-A203','SRT',NULL,20,'2011-08-05 05:55:31','2011-08-05 05:55:31',NULL),(65,'Absent','R-4089B','SRT',NULL,20,'2011-08-05 05:55:31','2011-08-05 05:55:31',NULL),(66,'Indeterminate','C48658','NCI',NULL,20,'2011-08-05 05:55:31','2011-08-05 05:55:31',NULL),(67,'Present','G-A203','SRT',NULL,21,'2011-08-05 05:55:31','2011-08-05 05:55:31',NULL),(68,'Absent','R-4089B','SRT',NULL,21,'2011-08-05 05:55:31','2011-08-05 05:55:31',NULL),(69,'Indeterminate','C48658','NCI',NULL,21,'2011-08-05 05:55:31','2011-08-05 05:55:31',NULL),(70,'Not Applicable','R-400F9','SRT',NULL,22,'2011-08-05 05:55:31','2011-08-05 05:55:31',NULL),(71,'Present','G-A203','SRT',NULL,22,'2011-08-05 05:55:31','2011-08-05 05:55:31',NULL),(72,'Absent','R-4089B','SRT',NULL,22,'2011-08-05 05:55:31','2011-08-05 05:55:31',NULL),(73,'None','R-40775','SRT',NULL,23,'2011-08-11 15:38:24','2011-08-11 15:38:24',NULL),(74,'Mild','R-404FA','SRT',NULL,23,'2011-08-11 15:38:24','2011-08-11 15:38:24',NULL),(75,'Marked','A10767872','NCI',NULL,23,'2011-08-11 15:38:24','2011-08-11 15:38:24',NULL),(76,'Indeterminate','C48658','NCI',NULL,23,'2011-08-11 15:38:24','2011-08-11 15:38:24',NULL),(77,'Not Applicable','R-400F9','SRT',NULL,24,'2011-08-11 15:38:24','2011-08-11 15:38:24',NULL),(78,'Indeterminate','C48658','NCI',NULL,24,'2011-08-11 15:38:24','2011-08-11 15:38:24',NULL),(79,'Not Applicable','R-400F9','SRT',NULL,25,'2011-08-11 15:38:25','2011-08-11 15:38:25',NULL),(80,'Indeterminate','C48658','NCI',NULL,25,'2011-08-11 15:38:25','2011-08-11 15:38:25',NULL),(81,'Indeterminate','C48658','NCI',NULL,26,'2011-08-11 15:38:25','2011-08-11 15:38:25',NULL),(82,'Indeterminate','C48658','NCI',NULL,27,'2011-08-11 15:38:25','2011-08-11 15:38:25',NULL),(83,'Absent','R-4089B','SRT',NULL,28,'2011-08-11 15:38:25','2011-08-11 15:38:25',NULL),(84,'Present','G-A203','SRT',NULL,28,'2011-08-11 15:38:25','2011-08-11 15:38:25',NULL),(85,'Indeterminate','C48658','NCI',NULL,28,'2011-08-11 15:38:25','2011-08-11 15:38:25',NULL),(86,'Focal','RID5702','RadLex',NULL,29,'2011-08-11 15:38:25','2011-08-11 15:38:25',NULL),(87,'Multifocal','RID5703','RadLex',NULL,29,'2011-08-11 15:38:25','2011-08-11 15:38:25',NULL),(88,'Multicentric','R-40353','SRT',NULL,29,'2011-08-11 15:38:25','2011-08-11 15:38:25',NULL),(89,'Gliomatosis','RID4427','RadLex',NULL,29,'2011-08-11 15:38:25','2011-08-11 15:38:25',NULL),(90,'Indeterminate','C48658','NCI',NULL,29,'2011-08-11 15:38:25','2011-08-11 15:38:25',NULL),(91,'Not Applicable','R-400F9','SRT',NULL,30,'2011-08-11 15:38:25','2011-08-11 15:38:25',NULL),(92,'Expansive ','90','VASARI',NULL,30,'2011-08-11 15:38:25','2011-08-11 15:38:25',NULL),(93,'Mixed','RID5890','RadLex',NULL,30,'2011-08-11 15:38:25','2011-08-11 15:38:25',NULL),(94,'Infiltrative','92','VASARI',NULL,30,'2011-08-11 15:38:25','2011-08-11 15:38:25',NULL),(95,'Indeterminate','C48658','NCI',NULL,30,'2011-08-11 15:38:25','2011-08-11 15:38:25',NULL),(96,'None','R-40775','SRT',NULL,31,'2011-08-11 15:38:25','2011-08-11 15:38:25',NULL),(97,'Solid','G-A301','SRT',NULL,31,'2011-08-11 15:38:25','2011-08-11 15:38:25',NULL),(98,'Indeterminate','C48658','NCI',NULL,31,'2011-08-11 15:38:25','2011-08-11 15:38:25',NULL),(99,'Not Applicable','R-400F9','SRT',NULL,32,'2011-08-11 15:38:25','2011-08-11 15:38:25',NULL),(100,'Well-defined','C81187','NCI',NULL,32,'2011-08-11 15:38:26','2011-08-11 15:38:26',NULL),(101,'Poorly defined','R-428E7','SRT',NULL,32,'2011-08-11 15:38:26','2011-08-11 15:38:26',NULL),(102,'Indeterminate','C48658','NCI',NULL,32,'2011-08-11 15:38:26','2011-08-11 15:38:26',NULL),(103,'Well-defined','71','VASARI',NULL,33,'2011-08-11 15:38:26','2011-08-11 15:38:26',NULL),(104,'Poorly-defined','72','VASARI',NULL,33,'2011-08-11 15:38:26','2011-08-11 15:38:26',NULL),(105,'Indeterminate','C48658','NCI',NULL,33,'2011-08-11 15:38:26','2011-08-11 15:38:26',NULL),(106,'Present','G-A203','SRT',NULL,34,'2011-08-11 15:38:26','2011-08-11 15:38:26',NULL),(107,'Absent','R-4089B','SRT',NULL,34,'2011-08-11 15:38:26','2011-08-11 15:38:26',NULL),(108,'Indeterminate','C48658','NCI',NULL,34,'2011-08-11 15:38:26','2011-08-11 15:38:26',NULL),(109,'No Image','03-1','SRT',NULL,35,'2011-08-11 15:38:26','2011-08-11 15:38:26',NULL),(110,'Facilitated','C82345','SRT',NULL,35,'2011-08-11 15:38:26','2011-08-11 15:38:26',NULL),(111,'Restricted','C82346','SRT',NULL,35,'2011-08-11 15:38:26','2011-08-11 15:38:26',NULL),(112,'Mixed','RID5890','RadLex',NULL,35,'2011-08-11 15:38:26','2011-08-11 15:38:26',NULL),(113,'Indeterminate','C48658','NCI',NULL,35,'2011-08-11 15:38:26','2011-08-11 15:38:26',NULL),(114,'Present','G-A203','SRT',NULL,36,'2011-08-11 15:38:26','2011-08-11 15:38:26',NULL),(115,'Absent','R-4089B','SRT',NULL,36,'2011-08-11 15:38:26','2011-08-11 15:38:26',NULL),(116,'Indeterminate','C48658','NCI',NULL,36,'2011-08-11 15:38:26','2011-08-11 15:38:26',NULL),(117,'Present','G-A203','SRT',NULL,37,'2011-08-11 15:38:26','2011-08-11 15:38:26',NULL),(118,'Absent','R-4089B','SRT',NULL,37,'2011-08-11 15:38:26','2011-08-11 15:38:26',NULL),(119,'Indeterminate','C48658','NCI',NULL,37,'2011-08-11 15:38:26','2011-08-11 15:38:26',NULL),(120,'Present','G-A203','SRT',NULL,38,'2011-08-11 15:38:26','2011-08-11 15:38:26',NULL),(121,'Absent','R-4089B','SRT',NULL,38,'2011-08-11 15:38:26','2011-08-11 15:38:26',NULL),(122,'Indeterminate','C48658','NCI',NULL,38,'2011-08-11 15:38:26','2011-08-11 15:38:26',NULL),(123,'None','R-40775','SRT',NULL,39,'2011-08-11 15:38:26','2011-08-11 15:38:26',NULL),(124,'Internal Capsule','RID6941','RadLex',NULL,39,'2011-08-11 15:38:26','2011-08-11 15:38:26',NULL),(125,'Corpus Callosum','RID6915','RadLex',NULL,39,'2011-08-11 15:38:26','2011-08-11 15:38:26',NULL),(126,'Brainstem','RID6677','RadLex',NULL,39,'2011-08-11 15:38:26','2011-08-11 15:38:26',NULL),(127,'Indeterminate','C48658','NCI',NULL,39,'2011-08-11 15:38:26','2011-08-11 15:38:26',NULL),(128,'Not Applicable','R-400F9','SRT',NULL,40,'2011-08-11 15:38:26','2011-08-11 15:38:26',NULL),(129,'Present','G-A203','SRT',NULL,40,'2011-08-11 15:38:26','2011-08-11 15:38:26',NULL),(130,'Absent','R-4089B','SRT',NULL,40,'2011-08-11 15:38:26','2011-08-11 15:38:26',NULL),(131,'Indeterminate','C48658','NCI',NULL,40,'2011-08-11 15:38:26','2011-08-11 15:38:26',NULL),(132,'Not Applicable','R-400F9','SRT',NULL,41,'2011-08-11 15:38:26','2011-08-11 15:38:26',NULL),(133,'Present','G-A203','SRT',NULL,41,'2011-08-11 15:38:26','2011-08-11 15:38:26',NULL),(134,'Absent','R-4089B','SRT',NULL,41,'2011-08-11 15:38:26','2011-08-11 15:38:26',NULL),(135,'Indeterminate','C48658','NCI',NULL,41,'2011-08-11 15:38:26','2011-08-11 15:38:26',NULL),(136,'Present','G-A203','SRT',NULL,42,'2011-08-11 15:38:26','2011-08-11 15:38:26',NULL),(137,'Absent','R-4089B','SRT',NULL,42,'2011-08-11 15:38:26','2011-08-11 15:38:26',NULL),(138,'Indeterminate','C48658','NCI',NULL,42,'2011-08-11 15:38:26','2011-08-11 15:38:26',NULL),(139,'Present','G-A203','SRT',NULL,43,'2011-08-11 15:38:26','2011-08-11 15:38:26',NULL),(140,'Absent','R-4089B','SRT',NULL,43,'2011-08-11 15:38:26','2011-08-11 15:38:26',NULL),(141,'Indeterminate','C48658','NCI',NULL,43,'2011-08-11 15:38:26','2011-08-11 15:38:26',NULL),(142,'Not Applicable','R-400F9','SRT',NULL,44,'2011-08-11 15:38:26','2011-08-11 15:38:26',NULL),(143,'Present','G-A203','SRT',NULL,44,'2011-08-11 15:38:26','2011-08-11 15:38:26',NULL),(144,'Absent','R-4089B','SRT',NULL,44,'2011-08-11 15:38:26','2011-08-11 15:38:26',NULL);
/*!40000 ALTER TABLE `non_quantifiables` ENABLE KEYS */;
UNLOCK TABLES;

--
-- Table structure for table `numericals`
--

DROP TABLE IF EXISTS `numericals`;
/*!40101 SET @saved_cs_client     = @@character_set_client */;
/*!40101 SET character_set_client = utf8 */;
CREATE TABLE `numericals` (
  `id` int(11) NOT NULL AUTO_INCREMENT,
  `ucumString` varchar(255) DEFAULT NULL,
  `value` float DEFAULT NULL,
  `operator` varchar(255) DEFAULT NULL,
  `characteristic_quantification_id` int(11) DEFAULT NULL,
  `created_at` datetime DEFAULT NULL,
  `updated_at` datetime DEFAULT NULL,
  PRIMARY KEY (`id`)
) ENGINE=InnoDB AUTO_INCREMENT=5 DEFAULT CHARSET=latin1;
/*!40101 SET character_set_client = @saved_cs_client */;

--
-- Dumping data for table `numericals`
--

LOCK TABLES `numericals` WRITE;
/*!40000 ALTER TABLE `numericals` DISABLE KEYS */;
INSERT INTO `numericals` VALUES (1,'mm',3,'LessThan',9,'2011-08-05 05:55:30','2011-08-05 05:55:30'),(2,'mm',3,'GreaterThan',9,'2011-08-05 05:55:30','2011-08-05 05:55:30'),(3,'mm',3,'LessThan',31,'2011-08-11 15:38:25','2011-08-11 15:38:25'),(4,'mm',3,'GreaterThan',31,'2011-08-11 15:38:25','2011-08-11 15:38:25');
/*!40000 ALTER TABLE `numericals` ENABLE KEYS */;
UNLOCK TABLES;

--
-- Table structure for table `ordinal_levels`
--

DROP TABLE IF EXISTS `ordinal_levels`;
/*!40101 SET @saved_cs_client     = @@character_set_client */;
/*!40101 SET character_set_client = utf8 */;
CREATE TABLE `ordinal_levels` (
  `id` int(11) NOT NULL AUTO_INCREMENT,
  `integerValue` int(11) DEFAULT NULL,
  `description` varchar(255) DEFAULT NULL,
  `scale_id` int(11) DEFAULT NULL,
  `created_at` datetime DEFAULT NULL,
  `updated_at` datetime DEFAULT NULL,
  PRIMARY KEY (`id`)
) ENGINE=InnoDB DEFAULT CHARSET=latin1;
/*!40101 SET character_set_client = @saved_cs_client */;

--
-- Dumping data for table `ordinal_levels`
--

LOCK TABLES `ordinal_levels` WRITE;
/*!40000 ALTER TABLE `ordinal_levels` DISABLE KEYS */;
/*!40000 ALTER TABLE `ordinal_levels` ENABLE KEYS */;
UNLOCK TABLES;

--
-- Table structure for table `quantiles`
--

DROP TABLE IF EXISTS `quantiles`;
/*!40101 SET @saved_cs_client     = @@character_set_client */;
/*!40101 SET character_set_client = utf8 */;
CREATE TABLE `quantiles` (
  `id` int(11) NOT NULL AUTO_INCREMENT,
  `bins` int(11) DEFAULT NULL,
  `characteristic_quantification_id` int(11) DEFAULT NULL,
  `created_at` datetime DEFAULT NULL,
  `updated_at` datetime DEFAULT NULL,
  PRIMARY KEY (`id`)
) ENGINE=InnoDB DEFAULT CHARSET=latin1;
/*!40101 SET character_set_client = @saved_cs_client */;

--
-- Dumping data for table `quantiles`
--

LOCK TABLES `quantiles` WRITE;
/*!40000 ALTER TABLE `quantiles` DISABLE KEYS */;
/*!40000 ALTER TABLE `quantiles` ENABLE KEYS */;
UNLOCK TABLES;

--
-- Table structure for table `scales`
--

DROP TABLE IF EXISTS `scales`;
/*!40101 SET @saved_cs_client     = @@character_set_client */;
/*!40101 SET character_set_client = utf8 */;
CREATE TABLE `scales` (
  `id` int(11) NOT NULL AUTO_INCREMENT,
  `comment` varchar(255) DEFAULT NULL,
  `description` varchar(255) DEFAULT NULL,
  `value` varchar(255) DEFAULT NULL,
  `characteristic_quantification_id` int(11) DEFAULT NULL,
  `created_at` datetime DEFAULT NULL,
  `updated_at` datetime DEFAULT NULL,
  PRIMARY KEY (`id`)
) ENGINE=InnoDB DEFAULT CHARSET=latin1;
/*!40101 SET character_set_client = @saved_cs_client */;

--
-- Dumping data for table `scales`
--

LOCK TABLES `scales` WRITE;
/*!40000 ALTER TABLE `scales` DISABLE KEYS */;
/*!40000 ALTER TABLE `scales` ENABLE KEYS */;
UNLOCK TABLES;

--
-- Table structure for table `schema_migrations`
--

DROP TABLE IF EXISTS `schema_migrations`;
/*!40101 SET @saved_cs_client     = @@character_set_client */;
/*!40101 SET character_set_client = utf8 */;
CREATE TABLE `schema_migrations` (
  `version` varchar(255) NOT NULL,
  UNIQUE KEY `unique_schema_migrations` (`version`)
) ENGINE=InnoDB DEFAULT CHARSET=latin1;
/*!40101 SET character_set_client = @saved_cs_client */;

--
-- Dumping data for table `schema_migrations`
--

LOCK TABLES `schema_migrations` WRITE;
/*!40000 ALTER TABLE `schema_migrations` DISABLE KEYS */;
INSERT INTO `schema_migrations` VALUES ('20100516194610'),('20100516223549'),('20100516223921'),('20100516223949'),('20100516224019'),('20100516224052'),('20100516224155'),('20100516224223'),('20100516224244'),('20100516224312'),('20100516224335'),('20100525023212'),('20100531091403'),('20100531091428'),('20100531091511'),('20100531091527'),('20100531195451'),('20100531195636'),('20100531211401'),('20100531211954'),('20100531212017'),('20100601012821'),('20100626022203'),('20100626031520'),('20100627190054'),('20100628013813'),('20100629033910'),('20100725222006'),('20100725225415'),('20100725225441'),('20100725225513'),('20100725225525'),('20100726012959'),('20100726014210'),('20100726054459'),('20100726064818'),('20100727060057'),('20100729022051'),('20100810014240'),('20100810030949'),('20100826053933'),('20100826054724'),('20100826074551'),('20100826080332'),('20100830020646'),('20100908024315'),('20100908024610'),('20100908024635'),('20100922051828'),('20100926061745'),('20101003205958'),('20101003211227'),('20101013020912'),('20101013020945'),('20101013021012'),('20101013031257'),('20101101045019'),('20101103050721'),('20101105030306'),('20101108060438'),('20101110054822'),('20101110054859'),('20101110054913'),('20101110054935'),('20101124022001');
/*!40000 ALTER TABLE `schema_migrations` ENABLE KEYS */;
UNLOCK TABLES;

--
-- Table structure for table `template_containers`
--

DROP TABLE IF EXISTS `template_containers`;
/*!40101 SET @saved_cs_client     = @@character_set_client */;
/*!40101 SET character_set_client = utf8 */;
CREATE TABLE `template_containers` (
  `id` int(11) NOT NULL AUTO_INCREMENT,
  `name` varchar(255) DEFAULT NULL,
  `version` varchar(255) DEFAULT NULL,
  `description` text,
  `authors` varchar(255) DEFAULT NULL,
  `creationDate` datetime DEFAULT NULL,
  `created_at` datetime DEFAULT NULL,
  `updated_at` datetime DEFAULT NULL,
  `user_id` int(11) DEFAULT NULL,
  PRIMARY KEY (`id`)
) ENGINE=InnoDB AUTO_INCREMENT=3 DEFAULT CHARSET=latin1;
/*!40101 SET character_set_client = @saved_cs_client */;

--
-- Dumping data for table `template_containers`
--

LOCK TABLES `template_containers` WRITE;
/*!40000 ALTER TABLE `template_containers` DISABLE KEYS */;
INSERT INTO `template_containers` VALUES (1,'VASARI Template','1','This template is used by an application program to present readers and adjudicators with available option for evaluating brain tumor studies.','The AIM team','2011-08-05 00:00:00','2011-08-05 05:55:28','2011-08-05 05:55:28',1),(2,'VASARI Template','1','This template is used by an application program to present readers and adjudicators with available option for evaluating brain tumor studies.','The AIM team','2011-08-11 00:00:00','2011-08-11 15:38:23','2011-08-11 15:38:23',2);
/*!40000 ALTER TABLE `template_containers` ENABLE KEYS */;
UNLOCK TABLES;

--
-- Table structure for table `template_stores`
--

DROP TABLE IF EXISTS `template_stores`;
/*!40101 SET @saved_cs_client     = @@character_set_client */;
/*!40101 SET character_set_client = utf8 */;
CREATE TABLE `template_stores` (
  `id` int(11) NOT NULL AUTO_INCREMENT,
  `user_id` int(11) DEFAULT NULL,
  `templatetext` text,
  `created_at` datetime DEFAULT NULL,
  `updated_at` datetime DEFAULT NULL,
  `template_container_id` int(11) DEFAULT NULL,
  PRIMARY KEY (`id`)
) ENGINE=InnoDB AUTO_INCREMENT=3 DEFAULT CHARSET=latin1;
/*!40101 SET character_set_client = @saved_cs_client */;

--
-- Dumping data for table `template_stores`
--

LOCK TABLES `template_stores` WRITE;
/*!40000 ALTER TABLE `template_stores` DISABLE KEYS */;
INSERT INTO `template_stores` VALUES (1,1,'<?xml version=\"1.0\" encoding=\"UTF-8\"?>\r\n<TemplateContainer creationDate=\"1967-08-13\" authors=\"The AIM team\" name=\"VASARI Template\" version=\"1\" description=\"This template is used by an application program to present readers and adjudicators with available option for evaluating brain tumor studies.\" xsi:schemaLocation=\"gme://caCORE.caCORE/3.2/edu.northwestern.radiology.AIMTemplate AIMTemplate_v1rv18.xsd\" xmlns=\"gme://caCORE.caCORE/3.2/edu.northwestern.radiology.AIMTemplate\" xmlns:xsi=\"http://www.w3.org/2001/XMLSchema-instance\">\r\n	<Template name=\"VASARI_TWO\" version=\"1.0\" authors=\"AIM Team\" creationDate=\"2010-02-15\" description=\"This is a VASARI template version 2.\" uid=\"123.987.32156.8454.1213156464.87987\" codeValue=\"VASARI-1\" codeMeaning=\"Brain Tumor Measurement\" codingSchemeDesignator=\"VASARI\">\r\n		<Component itemNumber=\"1\" label=\"Tumor Location\" explanatoryText=\"Location of lesion geographic center (not all areas of involvement).\" maxCardinality=\"1\" minCardinality=\"1\" shouldDisplay=\"true\">\r\n			<AnatomicEntity annotatorConfidence=\"true\">\r\n			<AnatomicEntityCharacteristic itemNumber=\"1\" annotatorConfidence=\"false\" minCardinality=\"1\" label=\"Side of Tumor Center\" shouldDisplay=\"true\" maxCardinality=\"1\" explanatoryText=\"Side of lesion center\">\r\n				<AllowedTerm codeMeaning=\"Right\" codeValue=\"G-A100\" codingSchemeDesignator=\"SRT\"/>\r\n				<AllowedTerm codeMeaning=\"Center/Bilateral\" codeValue=\"G-A102\" codingSchemeDesignator=\"SRT\"/>\r\n				<AllowedTerm codeMeaning=\"Left\" codeValue=\"G-A101\" codingSchemeDesignator=\"SRT\"/>\r\n			</AnatomicEntityCharacteristic>\r\n			</AnatomicEntity>\r\n			<AllowedTerm codeMeaning=\"Frontal lobe\" codeValue=\"RID6440\" codingSchemeDesignator=\"RadLex\"/>\r\n			<AllowedTerm codeMeaning=\"Temporal lobe\" codeValue=\"RID6476\" codingSchemeDesignator=\"RadLex\"/>\r\n			<AllowedTerm codeMeaning=\"Insula\" codeValue=\"RID6472\" codingSchemeDesignator=\"RadLex\"/>\r\n			<AllowedTerm codeMeaning=\"Parietal lobe\" codeValue=\"RID6493\" codingSchemeDesignator=\"RadLex\"/>\r\n			<AllowedTerm codeMeaning=\"Occipital lobe\" codeValue=\"RID6502\" codingSchemeDesignator=\"RadLex\"/>\r\n			<AllowedTerm codeMeaning=\"Brainstem\" codeValue=\"RID6677\" codingSchemeDesignator=\"RadLex\"/>\r\n			<AllowedTerm codeMeaning=\"Cerebellum\" codeValue=\"RID6815\" codingSchemeDesignator=\"RadLex\"/>\r\n			<AllowedTerm codeMeaning=\"Basal Ganglia\" codeValue=\"RID6537\" codingSchemeDesignator=\"RadLex\"/>\r\n			<AllowedTerm codeMeaning=\"Thalamus\" codeValue=\"RID6578\" codingSchemeDesignator=\"RadLex\"/>\r\n			<AllowedTerm codeMeaning=\"Corpus Callosum\" codeValue=\"RID6915\" codingSchemeDesignator=\"RadLex\"/>\r\n		</Component>\r\n		<Component itemNumber=\"2\" label=\"Lesion\" explanatoryText=\"Select the type of lesion\" maxCardinality=\"1\" minCardinality=\"1\" shouldDisplay=\"false\">\r\n			<ImagingObservation annotatorConfidence=\"true\">\r\n				<ImagingObservationCharacteristic label=\"Enhancement Quality\" itemNumber=\"1\" explanatoryText=\"Qualitative degree of contrast enhancement is defined as having all or portions of the tumor that demonstrate significantly higher signal on the postcontrast T1W images compared to precontrast T1W images. Mild/Minimal = when barely discernable degree of enhancement is present relative to pre-contrast images. Marked/avid = obvious tissue enhancement\" maxCardinality=\"1\" minCardinality=\"1\" annotatorConfidence=\"false\" shouldDisplay=\"false\">\r\n					<AllowedTerm codeMeaning=\"Enhancement Quality\" codeValue=\"67-1\" codingSchemeDesignator=\"VASARI\">\r\n						<CharacteristicQuantification name=\"Enhancement Quality Characteristic Quantification\" annotatorConfidence=\"false\">\r\n							<NonQuantifiable codeMeaning=\"None\" codeValue=\"R-40775\" codingSchemeDesignator=\"SRT\"/>\r\n							<NonQuantifiable codeMeaning=\"Mild\" codeValue=\"R-404FA\" codingSchemeDesignator=\"SRT\"/>\r\n							<NonQuantifiable codeMeaning=\"Marked\" codeValue=\"A10767872\" codingSchemeDesignator=\"NCI\"/>\r\n							<NonQuantifiable codeMeaning=\"Indeterminate\" codeValue=\"C48658\" codingSchemeDesignator=\"NCI\"/>\r\n							<!-- A prominent or noticeable characteristic. -->\r\n						</CharacteristicQuantification>\r\n					</AllowedTerm>\r\n				</ImagingObservationCharacteristic>\r\n				<ImagingObservationCharacteristic label=\"Proportion Enhancing\" itemNumber=\"2\" explanatoryText=\"Visually, when scanning through the entire tumor volume, what proportion of the entire tumor would you estimate is enhancing. (Assuming that the the entire abnormality may be comprised of: (1) an enhancing component, (2) a non-enhancing component, (3) a necrotic component and (4) a edema component.)\" annotatorConfidence=\"false\" maxCardinality=\"1\" minCardinality=\"1\" shouldDisplay=\"false\">\r\n					<AllowedTerm codeMeaning=\"Proportion Enhancing\" codeValue=\"59-1\" codingSchemeDesignator=\"VASARI\">\r\n						<CharacteristicQuantification name=\"Percent Proportion Enhancing Characteristic Quantification\" annotatorConfidence=\"false\">\r\n							<Interval minValue=\"0\" ucumString=\"%\" maxValue=\"0\" maxOperator=\"Equal\" minOperator=\"Equal\"/>\r\n							<Interval minValue=\"5\" ucumString=\"%\" maxValue=\"5\" maxOperator=\"LessThan\" minOperator=\"LessThan\"/>\r\n							<Interval minValue=\"6\" ucumString=\"%\" maxValue=\"33\" maxOperator=\"LessThanEqual\" minOperator=\"GreaterThanEqual\"/>\r\n							<Interval minValue=\"34\" ucumString=\"%\" maxValue=\"67\" maxOperator=\"LessThanEqual\" minOperator=\"GreaterThanEqual\"/>\r\n							<Interval minValue=\"68\" ucumString=\"%\" maxValue=\"95\" maxOperator=\"LessThanEqual\" minOperator=\"GreaterThanEqual\"/>\r\n							<Interval minValue=\"95\" ucumString=\"%\" maxValue=\"95\" maxOperator=\"GreaterThan\" minOperator=\"GreaterThan\"/>\r\n							<Interval minValue=\"100\" ucumString=\"%\" maxValue=\"100\" maxOperator=\"Equal\" minOperator=\"Equal\"/>\r\n							<NonQuantifiable codeMeaning=\"Not Applicable\" codeValue=\"R-400F9\" codingSchemeDesignator=\"SRT\"/>\r\n							<NonQuantifiable codeMeaning=\"Indeterminate\" codeValue=\"C48658\" codingSchemeDesignator=\"NCI\"/>\r\n						</CharacteristicQuantification>\r\n					</AllowedTerm>\r\n				</ImagingObservationCharacteristic>\r\n				<ImagingObservationCharacteristic label=\"Proportion nCET\" itemNumber=\"3\" explanatoryText=\"Visually, when scanning through the entire tumor, what proportion of the entire tumor is estimated to represent non-enhancing tumor (not edema)? Nonenhancing tumor is defined as regions of T2W hyperintensity (less than the intensity of cerebrospinal fluid, with corresponding T1W hypointensity) that are associated with mass effect and architectural distortion, including blurring of the gray-white interface.(Assuming that the the entire abnormality may be comprised of: (1) an enhancing component, (2) a non-enhancing component, (3) a necrotic component and (4) a edema component.)\" annotatorConfidence=\"false\" maxCardinality=\"1\" minCardinality=\"1\" shouldDisplay=\"false\">\r\n					<AllowedTerm codeMeaning=\"Proportion nCET\" codeValue=\"19-1\" codingSchemeDesignator=\"VASARI\">\r\n						<CharacteristicQuantification name=\"Percent Proportion nCET Characteristic Quantification\" annotatorConfidence=\"false\">\r\n							<Interval minValue=\"0\" ucumString=\"%\" maxValue=\"0\" maxOperator=\"Equal\" minOperator=\"Equal\"/>\r\n							<Interval minValue=\"5\" ucumString=\"%\" maxValue=\"5\" maxOperator=\"LessThan\" minOperator=\"LessThan\"/>\r\n							<Interval minValue=\"6\" ucumString=\"%\" maxValue=\"33\" maxOperator=\"LessThanEqual\" minOperator=\"GreaterThanEqual\"/>\r\n							<Interval minValue=\"34\" ucumString=\"%\" maxValue=\"67\" maxOperator=\"LessThanEqual\" minOperator=\"GreaterThanEqual\"/>\r\n							<Interval minValue=\"68\" ucumString=\"%\" maxValue=\"95\" maxOperator=\"LessThanEqual\" minOperator=\"GreaterThanEqual\"/>\r\n							<Interval minValue=\"95\" ucumString=\"%\" maxValue=\"95\" maxOperator=\"GreaterThan\" minOperator=\"GreaterThan\"/>\r\n							<Interval minValue=\"100\" ucumString=\"%\" maxValue=\"100\" maxOperator=\"Equal\" minOperator=\"Equal\"/>\r\n							<NonQuantifiable codeMeaning=\"Not Applicable\" codeValue=\"R-400F9\" codingSchemeDesignator=\"SRT\"/>\r\n							<NonQuantifiable codeMeaning=\"Indeterminate\" codeValue=\"C48658\" codingSchemeDesignator=\"NCI\"/>\r\n						</CharacteristicQuantification>\r\n					</AllowedTerm>\r\n				</ImagingObservationCharacteristic>\r\n				<ImagingObservationCharacteristic label=\"Proportion Necrosis\" itemNumber=\"4\" explanatoryText=\"Visually, when scanning through the entire tumor volume, what proportion of the tumor is estimated to represent necrosis. Necrosis is defined as a region within the tumor that does not enhance or shows markedly diminished enhancement, is high on T2W and proton density images, is low on T1W images, and has an irregular border). (Assuming that the the entire abnormality may be comprised of: (1) an enhancing component, (2) a non-enhancing component, (3) a necrotic component and (4) a edema component.)\" annotatorConfidence=\"false\" maxCardinality=\"1\" minCardinality=\"1\" shouldDisplay=\"false\">					\r\n					<AllowedTerm codeMeaning=\"Proportion Necrosis\" codeValue=\"49-1\" codingSchemeDesignator=\"VASARI\">\r\n						<CharacteristicQuantification name=\"Percent Necrosis Characteristic Quantification\" annotatorConfidence=\"false\">\r\n							<Interval minValue=\"0\" ucumString=\"%\" maxValue=\"0\" maxOperator=\"Equal\" minOperator=\"Equal\"/>\r\n							<Interval minValue=\"5\" ucumString=\"%\" maxValue=\"5\" maxOperator=\"LessThan\" minOperator=\"LessThan\"/>\r\n							<Interval minValue=\"6\" ucumString=\"%\" maxValue=\"33\" maxOperator=\"LessThanEqual\" minOperator=\"GreaterThanEqual\"/>\r\n							<Interval minValue=\"34\" ucumString=\"%\" maxValue=\"67\" maxOperator=\"LessThanEqual\" minOperator=\"GreaterThanEqual\"/>\r\n							<Interval minValue=\"68\" ucumString=\"%\" maxValue=\"95\" maxOperator=\"LessThanEqual\" minOperator=\"GreaterThanEqual\"/>\r\n							<Interval minValue=\"95\" ucumString=\"%\" maxValue=\"95\" maxOperator=\"GreaterThan\" minOperator=\"GreaterThan\"/>\r\n							<Interval minValue=\"100\" ucumString=\"%\" maxValue=\"100\" maxOperator=\"Equal\" minOperator=\"Equal\"/>\r\n							<NonQuantifiable codeMeaning=\"Indeterminate\" codeValue=\"C48658\" codingSchemeDesignator=\"NCI\"/>\r\n						</CharacteristicQuantification>\r\n					</AllowedTerm>\r\n				</ImagingObservationCharacteristic>\r\n				<ImagingObservationCharacteristic label=\"Proportion of Edema\" itemNumber=\"5\" explanatoryText=\"What proportion of the entire abnormality is vasogenic edema? (Edema should be greater in signal than than nCET and somewhat lower in signal than CSF. Pseudopods are characteristic of edema). (Assuming that the the entire abnormality may be comprised of: (1) an enhancing component, (2) a non-enhancing component, (3) a necrotic component and (4) a edema component.)\" annotatorConfidence=\"false\" maxCardinality=\"1\" minCardinality=\"1\" shouldDisplay=\"false\">\r\n					<AllowedTerm codeMeaning=\"Proportion of Edema\" codeValue=\"34-1\" codingSchemeDesignator=\"VASARI\">\r\n						<CharacteristicQuantification name=\"Percent Proportion of Edema Characteristic Quantification\" annotatorConfidence=\"false\">\r\n							<Interval minValue=\"0\" ucumString=\"%\" maxValue=\"0\" maxOperator=\"Equal\" minOperator=\"Equal\"/>\r\n							<Interval minValue=\"5\" ucumString=\"%\" maxValue=\"5\" maxOperator=\"LessThan\" minOperator=\"LessThan\"/>\r\n							<Interval minValue=\"6\" ucumString=\"%\" maxValue=\"33\" maxOperator=\"LessThanEqual\" minOperator=\"GreaterThanEqual\"/>\r\n							<Interval minValue=\"34\" ucumString=\"%\" maxValue=\"67\" maxOperator=\"LessThanEqual\" minOperator=\"GreaterThanEqual\"/>\r\n							<Interval minValue=\"68\" ucumString=\"%\" maxValue=\"95\" maxOperator=\"LessThanEqual\" minOperator=\"GreaterThanEqual\"/>\r\n							<Interval minValue=\"95\" ucumString=\"%\" maxValue=\"95\" maxOperator=\"GreaterThan\" minOperator=\"GreaterThan\"/>\r\n							<Interval minValue=\"100\" ucumString=\"%\" maxValue=\"100\" maxOperator=\"Equal\" minOperator=\"Equal\"/>\r\n							<NonQuantifiable codeMeaning=\"Indeterminate\" codeValue=\"C48658\" codingSchemeDesignator=\"NCI\"/>\r\n						</CharacteristicQuantification>\r\n					</AllowedTerm>\r\n				</ImagingObservationCharacteristic>\r\n				<ImagingObservationCharacteristic label=\"Cysts\" itemNumber=\"6\" explanatoryText=\"Cysts are well defined, rounded, often eccentric regions of very bright T2W signal and low T1W signal essentially matching CSF signal intensity, with very thin, regular, smooth, nonenhancing or regularly enhancing walls, possibly with thin, regular, internal septations.\" annotatorConfidence=\"false\" maxCardinality=\"1\" minCardinality=\"1\" shouldDisplay=\"false\">\r\n					<AllowedTerm codeMeaning=\"Cyst\" codeValue=\"80-1\" codingSchemeDesignator=\"VASARI\">\r\n						<CharacteristicQuantification name=\"Cyst Characteristic Quantification\" annotatorConfidence=\"false\">\r\n							<NonQuantifiable codeMeaning=\"Absent\" codeValue=\"R-4089B\" codingSchemeDesignator=\"SRT\"/>\r\n							<NonQuantifiable codeMeaning=\"Present\" codeValue=\"G-A203\" codingSchemeDesignator=\"SRT\"/>\r\n							<NonQuantifiable codeMeaning=\"Indeterminate\" codeValue=\"C48658\" codingSchemeDesignator=\"NCI\"/>\r\n						</CharacteristicQuantification>\r\n					</AllowedTerm>\r\n				</ImagingObservationCharacteristic>\r\n				<ImagingObservationCharacteristic label=\"Multifocal or Multicentric\" itemNumber=\"7\" explanatoryText=\"Multifocal is defined as having at least one region of tumor, either enhancing or nonenhancing, which is not contiguous with the dominant lesion and is outside the region of signal abnormality (edema) surrounding the dominant mass. This can be defined as those resulting from dissemination or growth by an established route, spread via commissural or other pathways, or via CSF channels or local metastases, whereas Multicentric are widely separated lesions in different lobes or different hemispheres that cannot be attributed to one of the previously mentioned pathways. Gliomatosis refers to generalized neoplastic transformation of the white matter of most of a hemisphere. \" annotatorConfidence=\"false\" maxCardinality=\"1\" minCardinality=\"1\" shouldDisplay=\"false\">\r\n					<AllowedTerm codeMeaning=\"Multifocal or Multicentric\" codeValue=\"13\" codingSchemeDesignator=\"VASARI\">\r\n						<CharacteristicQuantification name=\"Multifocal or Multicentric Characteristic Quantification\" annotatorConfidence=\"false\">\r\n							<NonQuantifiable codeMeaning=\"Focal\" codeValue=\"RID5702\" codingSchemeDesignator=\"RadLex\"/>\r\n							<NonQuantifiable codeMeaning=\"Multifocal\" codeValue=\"RID5703\" codingSchemeDesignator=\"RadLex\"/>\r\n							<NonQuantifiable codeMeaning=\"Multicentric\" codeValue=\"R-40353\" codingSchemeDesignator=\"SRT\"/>\r\n							<NonQuantifiable codeMeaning=\"Gliomatosis\" codeValue=\"RID4427\" codingSchemeDesignator=\"RadLex\"/>\r\n							<NonQuantifiable codeMeaning=\"Indeterminate\" codeValue=\"C48658\" codingSchemeDesignator=\"NCI\"/>\r\n						</CharacteristicQuantification>\r\n					</AllowedTerm>\r\n				</ImagingObservationCharacteristic>\r\n				<ImagingObservationCharacteristic label=\"T1/FLAIR Ratio\" itemNumber=\"8\" explanatoryText=\"Tumor feature summary. [Mixed, expansive or infiltrative]. Expansive = size of pre-contrast T1 abnormality (exclusive of signal intensity) approximates size of FLAIR abnormality. Mixed = Size of T1 abnormality moderately less than FLAIR envelope; Infiltrative = Size of pre-contrast T1 abnormality much smaller than size of FLAIR abnormality. (Use T2 if FLAIR is not provided)\" annotatorConfidence=\"false\" maxCardinality=\"1\" minCardinality=\"1\" shouldDisplay=\"false\">\r\n				    <AllowedTerm codeMeaning=\"T1/FLAIR ratio\" codeValue=\"90-1\" codingSchemeDesignator=\"VASARI\">\r\n						<CharacteristicQuantification name=\"T1/FLAIR Characteristic Quantification\" annotatorConfidence=\"false\">\r\n							<NonQuantifiable codeMeaning=\"Not Applicable\" codeValue=\"R-400F9\" codingSchemeDesignator=\"SRT\"/>\r\n							<NonQuantifiable codeMeaning=\"Expansive \" codeValue=\"90\" codingSchemeDesignator=\"VASARI\"/>\r\n							<NonQuantifiable codeMeaning=\"Mixed\" codeValue=\"RID5890\" codingSchemeDesignator=\"RadLex\"/>\r\n							<NonQuantifiable codeMeaning=\"Infiltrative\" codeValue=\"92\" codingSchemeDesignator=\"VASARI\"/>\r\n							<NonQuantifiable codeMeaning=\"Indeterminate\" codeValue=\"C48658\" codingSchemeDesignator=\"NCI\"/>\r\n						</CharacteristicQuantification>\r\n					</AllowedTerm>\r\n				</ImagingObservationCharacteristic>\r\n				<ImagingObservationCharacteristic label=\"Thickness of Enhancing Margin\" itemNumber=\"9\" explanatoryText=\"The scoring is not applicable if there is no contrast enhancement. If most of the enhancing rim is thin, regular, and measures &lt; 3mm in thickness and has homogenous enhancement the grade is thin. If most of the rim demonstrates nodular and/or thick enhancement, the grade is thick. If there is only solid enhancement and no rim, the grade is solid.\" annotatorConfidence=\"false\" maxCardinality=\"1\" minCardinality=\"1\" shouldDisplay=\"false\">\r\n					<AllowedTerm codeMeaning=\"Thickness of Enhancing Margin\" codeValue=\"01-1\" codingSchemeDesignator=\"VASARI\">\r\n						<CharacteristicQuantification name=\"Thickness of Enhancing Margin Characteristic Quantification\" annotatorConfidence=\"false\">\r\n							<Numerical ucumString=\"mm\" value=\"3\" operator=\"LessThan\"/>\r\n							<Numerical ucumString=\"mm\" value=\"3\" operator=\"GreaterThan\"/>\r\n							<NonQuantifiable codeMeaning=\"None\" codeValue=\"R-40775\" codingSchemeDesignator=\"SRT\"/>\r\n							<NonQuantifiable codeMeaning=\"Solid\" codeValue=\"G-A301\" codingSchemeDesignator=\"SRT\"/>\r\n							<NonQuantifiable codeMeaning=\"Indeterminate\" codeValue=\"C48658\" codingSchemeDesignator=\"NCI\"/>\r\n						</CharacteristicQuantification>\r\n					</AllowedTerm>					\r\n				</ImagingObservationCharacteristic>\r\n				<ImagingObservationCharacteristic label=\"Definition of the Enhancing Margin\" itemNumber=\"10\" explanatoryText=\"The scoring is not applicable (n/a) if there is no contrast enhancement. Assess if most of the outside margin of the enhancement is well defined or poorly defined.\" annotatorConfidence=\"false\" maxCardinality=\"1\" minCardinality=\"1\" shouldDisplay=\"false\">\r\n					<AllowedTerm codeMeaning=\"Enhancing Margin Definition\" codeValue=\"12\" codingSchemeDesignator=\"VASARI\">\r\n						<CharacteristicQuantification name=\"Enhancing Margin Definition Characteristic Quantification\" annotatorConfidence=\"false\">\r\n							<NonQuantifiable codeMeaning=\"Not Applicable\" codeValue=\"R-400F9\" codingSchemeDesignator=\"SRT\"/>\r\n							<NonQuantifiable codeMeaning=\"Well-defined\" codeValue=\"C81187\" codingSchemeDesignator=\"NCI\"/>\r\n							<!-- Having a clean and distinct outline as if precisely cut along the edges. -->\r\n							<NonQuantifiable codeMeaning=\"Poorly defined\" codeValue=\"R-428E7\" codingSchemeDesignator=\"SRT\"/>\r\n							<NonQuantifiable codeMeaning=\"Indeterminate\" codeValue=\"C48658\" codingSchemeDesignator=\"NCI\"/>\r\n						</CharacteristicQuantification>\r\n					</AllowedTerm>\r\n				</ImagingObservationCharacteristic>\r\n				<ImagingObservationCharacteristic label=\"Definition of the Non-Enhancing Margin\" itemNumber=\"11\" explanatoryText=\"If most of the outside nonenhancing margin of the tumor is well defined and smooth (geographic), versus if the margin is ill-defined and irregular.\" annotatorConfidence=\"true\" maxCardinality=\"1\" minCardinality=\"1\" shouldDisplay=\"false\">\r\n					<AllowedTerm codeMeaning=\"Definition of the Non-Enhancing Margin\" codeValue=\"70\" codingSchemeDesignator=\"VASARI\">\r\n						<CharacteristicQuantification name=\"Definition of the Non-Enhancing Margin Characteristic Quantification\" annotatorConfidence=\"false\">\r\n							<NonQuantifiable codeMeaning=\"Well-defined\" codeValue=\"71\" codingSchemeDesignator=\"VASARI\"/>\r\n							<NonQuantifiable codeMeaning=\"Poorly-defined\" codeValue=\"72\" codingSchemeDesignator=\"VASARI\"/>\r\n							<NonQuantifiable codeMeaning=\"Indeterminate\" codeValue=\"C48658\" codingSchemeDesignator=\"NCI\"/>\r\n							<!-- Lacking perfect symmetry or evenness. -->\r\n						</CharacteristicQuantification>\r\n					</AllowedTerm>\r\n				</ImagingObservationCharacteristic>\r\n				<ImagingObservationCharacteristic label=\"Hemorrhage\" itemNumber=\"12\" explanatoryText=\"Intrinsic hemorrhage in the tumor matrix. Any intrinsic foci of low signal on T2WI or high signal on T1WI. (Use Bo image if necessary for confirmation.)\" annotatorConfidence=\"false\" maxCardinality=\"1\" minCardinality=\"1\" shouldDisplay=\"false\">\r\n					<AllowedTerm codeMeaning=\"Hemorrhage\" codeValue=\"81-1\" codingSchemeDesignator=\"VASARI\">\r\n						<CharacteristicQuantification name=\"Hemorrhage Characteristic Quantification\" annotatorConfidence=\"false\">\r\n							<NonQuantifiable codeMeaning=\"Present\" codeValue=\"G-A203\" codingSchemeDesignator=\"SRT\"/>\r\n							<NonQuantifiable codeMeaning=\"Absent\" codeValue=\"R-4089B\" codingSchemeDesignator=\"SRT\"/>\r\n							<NonQuantifiable codeMeaning=\"Indeterminate\" codeValue=\"C48658\" codingSchemeDesignator=\"NCI\"/>\r\n						</CharacteristicQuantification>\r\n					</AllowedTerm>\r\n				</ImagingObservationCharacteristic>				\r\n				<ImagingObservationCharacteristic label=\"Diffusion\" itemNumber=\"13\" explanatoryText=\"Predominantly facilitated or restricted diffusion in the enhancing or nCET portion of the tumor. (Based on ADC map). Equivocal is neither. No ADC, use no-images. Proportion of tissue not relevant.\" annotatorConfidence=\"false\" maxCardinality=\"1\" minCardinality=\"1\" shouldDisplay=\"false\">\r\n					<AllowedTerm codeMeaning=\"Diffusion\" codeValue=\"033-1\" codingSchemeDesignator=\"VASARI\">\r\n						<CharacteristicQuantification name=\"Diffusion Characteristic Quantification\" annotatorConfidence=\"false\">\r\n							<NonQuantifiable codeMeaning=\"No Image\" codeValue=\"03-1\" codingSchemeDesignator=\"SRT\"/>\r\n							<NonQuantifiable codeMeaning=\"Facilitated\" codeValue=\"C82345\" codingSchemeDesignator=\"SRT\"/>\r\n							<NonQuantifiable codeMeaning=\"Restricted\" codeValue=\"C82346\" codingSchemeDesignator=\"SRT\"/>\r\n							<NonQuantifiable codeMeaning=\"Mixed\" codeValue=\"RID5890\" codingSchemeDesignator=\"RadLex\"/>\r\n							<NonQuantifiable codeMeaning=\"Indeterminate\" codeValue=\"C48658\" codingSchemeDesignator=\"NCI\"/>\r\n						</CharacteristicQuantification>\r\n					</AllowedTerm>\r\n				</ImagingObservationCharacteristic>				\r\n				<ImagingObservationCharacteristic label=\"Pial invasion\" itemNumber=\"14\" explanatoryText=\"Enhancement of the overlying pia in continuity with enhancing or non-enhancing tumor\" annotatorConfidence=\"false\" maxCardinality=\"1\" minCardinality=\"1\" shouldDisplay=\"false\">\r\n					<AllowedTerm codeMeaning=\"Pial invasion\" codeValue=\"04-1\" codingSchemeDesignator=\"VASARI\">\r\n						<CharacteristicQuantification name=\"Pial invasion Characteristic Quantification\" annotatorConfidence=\"false\">\r\n							<NonQuantifiable codeMeaning=\"Present\" codeValue=\"G-A203\" codingSchemeDesignator=\"SRT\"/>\r\n							<NonQuantifiable codeMeaning=\"Absent\" codeValue=\"R-4089B\" codingSchemeDesignator=\"SRT\"/>\r\n							<NonQuantifiable codeMeaning=\"Indeterminate\" codeValue=\"C48658\" codingSchemeDesignator=\"NCI\"/>\r\n						</CharacteristicQuantification>\r\n					</AllowedTerm>\r\n				</ImagingObservationCharacteristic>				\r\n				<ImagingObservationCharacteristic label=\"Ependymal Extension\" itemNumber=\"15\" explanatoryText=\"Extension of any adjacent ependymal surface in continuity with enhancing or non-enhancing tumor matrix\" annotatorConfidence=\"false\" maxCardinality=\"1\" minCardinality=\"1\" shouldDisplay=\"false\">\r\n					<AllowedTerm codeMeaning=\"Ependymal Extension\" codeValue=\"05-1\" codingSchemeDesignator=\"VASARI\">\r\n						<CharacteristicQuantification name=\"Ependymal Extension Characteristic Quantification\" annotatorConfidence=\"false\">\r\n							<NonQuantifiable codeMeaning=\"Present\" codeValue=\"G-A203\" codingSchemeDesignator=\"SRT\"/>\r\n							<NonQuantifiable codeMeaning=\"Absent\" codeValue=\"R-4089B\" codingSchemeDesignator=\"SRT\"/>\r\n							<NonQuantifiable codeMeaning=\"Indeterminate\" codeValue=\"C48658\" codingSchemeDesignator=\"NCI\"/>\r\n						</CharacteristicQuantification>\r\n					</AllowedTerm>\r\n				</ImagingObservationCharacteristic>				\r\n				<ImagingObservationCharacteristic label=\"Cortical Involvement\" itemNumber=\"16\" explanatoryText=\"Non-enhancing or enhancing tumor extending to the cortical mantle, or cortex is no longer distinguishable relative to subjacent tumor.\" annotatorConfidence=\"false\" maxCardinality=\"1\" minCardinality=\"1\" shouldDisplay=\"false\">\r\n					<AllowedTerm codeMeaning=\"Cortical Involvement\" codeValue=\"06-1\" codingSchemeDesignator=\"VASARI\">\r\n						<CharacteristicQuantification name=\"Cortical Involvement Characteristic Quantification\" annotatorConfidence=\"false\">\r\n							<NonQuantifiable codeMeaning=\"Present\" codeValue=\"G-A203\" codingSchemeDesignator=\"SRT\"/>\r\n							<NonQuantifiable codeMeaning=\"Absent\" codeValue=\"R-4089B\" codingSchemeDesignator=\"SRT\"/>\r\n							<NonQuantifiable codeMeaning=\"Indeterminate\" codeValue=\"C48658\" codingSchemeDesignator=\"NCI\"/>\r\n						</CharacteristicQuantification>\r\n					</AllowedTerm>\r\n				</ImagingObservationCharacteristic>				\r\n				<ImagingObservationCharacteristic label=\"Deep WM Invasion\" itemNumber=\"17\" explanatoryText=\"Enhancing or nCET tumor extending into the internal capsule or brainstem.\" annotatorConfidence=\"false\" maxCardinality=\"1\" minCardinality=\"1\" shouldDisplay=\"false\">\r\n					<AllowedTerm codeMeaning=\"Deep WM Invasion\" codeValue=\"6\" codingSchemeDesignator=\"VASARI\">\r\n						<CharacteristicQuantification name=\"Deep WM Invasion Characteristic Quantification\" annotatorConfidence=\"false\">\r\n 						    <NonQuantifiable codeMeaning=\"None\" codeValue=\"R-40775\" codingSchemeDesignator=\"SRT\"/>\r\n							<NonQuantifiable codeMeaning=\"Internal Capsule\" codeValue=\"RID6941\" codingSchemeDesignator=\"RadLex\"/>\r\n							<NonQuantifiable codeMeaning=\"Corpus Callosum\" codeValue=\"RID6915\" codingSchemeDesignator=\"RadLex\"/>\r\n							<NonQuantifiable codeMeaning=\"Brainstem\" codeValue=\"RID6677\" codingSchemeDesignator=\"RadLex\"/>\r\n							<NonQuantifiable codeMeaning=\"Indeterminate\" codeValue=\"C48658\" codingSchemeDesignator=\"NCI\"/>\r\n						</CharacteristicQuantification>\r\n					</AllowedTerm>\r\n				</ImagingObservationCharacteristic>				\r\n				<ImagingObservationCharacteristic label=\"nCET Tumor Crosses Midline\" itemNumber=\"18\" explanatoryText=\"nCET crosses into contralateral hemisphere through white matter commissures (exclusive of herniated ipsilateral tissue).\" annotatorConfidence=\"false\" maxCardinality=\"1\" minCardinality=\"1\" shouldDisplay=\"false\">\r\n					<AllowedTerm codeMeaning=\"nCET Tumor Crosses Midline\" codeValue=\"63\" codingSchemeDesignator=\"VASARI\">\r\n						<CharacteristicQuantification name=\"nCET Tumor Crosses Midline Characteristic Quantification\" annotatorConfidence=\"false\">\r\n							<NonQuantifiable codeMeaning=\"Not Applicable\" codeValue=\"R-400F9\" codingSchemeDesignator=\"SRT\"/>\r\n							<NonQuantifiable codeMeaning=\"Present\" codeValue=\"G-A203\" codingSchemeDesignator=\"SRT\"/>\r\n							<NonQuantifiable codeMeaning=\"Absent\" codeValue=\"R-4089B\" codingSchemeDesignator=\"SRT\"/>\r\n							<NonQuantifiable codeMeaning=\"Indeterminate\" codeValue=\"C48658\" codingSchemeDesignator=\"NCI\"/>\r\n						</CharacteristicQuantification>\r\n					</AllowedTerm>\r\n				</ImagingObservationCharacteristic>				\r\n				<ImagingObservationCharacteristic label=\"Enhancing Tumor Crosses Midline\" itemNumber=\"19\" explanatoryText=\"Enhancing tissue crosses into contralateral hemisphere through white matter commisures (exclusive of herniated ipsilateral tissue).\" annotatorConfidence=\"true\" maxCardinality=\"1\" minCardinality=\"1\" shouldDisplay=\"false\">\r\n					<AllowedTerm codeMeaning=\"Enhancing Tumor Crosses Midline\" codeValue=\"3\" codingSchemeDesignator=\"VASARI\">\r\n						<CharacteristicQuantification name=\"Enhancing Tumor Crosses Midline Characteristic Quantification\" annotatorConfidence=\"false\">\r\n							<NonQuantifiable codeMeaning=\"Not Applicable\" codeValue=\"R-400F9\" codingSchemeDesignator=\"SRT\"/>\r\n							<NonQuantifiable codeMeaning=\"Present\" codeValue=\"G-A203\" codingSchemeDesignator=\"SRT\"/>\r\n							<NonQuantifiable codeMeaning=\"Absent\" codeValue=\"R-4089B\" codingSchemeDesignator=\"SRT\"/>\r\n							<NonQuantifiable codeMeaning=\"Indeterminate\" codeValue=\"C48658\" codingSchemeDesignator=\"NCI\"/>\r\n						</CharacteristicQuantification>\r\n					</AllowedTerm>\r\n				</ImagingObservationCharacteristic>\r\n				<ImagingObservationCharacteristic label=\"Satellites\" itemNumber=\"20\" explanatoryText=\"A satellite lesion is an area of enhancement within the region of signal abnormality surrounding the dominant lesion but not contiguous in any part with the major tumor mass.\" annotatorConfidence=\"false\" maxCardinality=\"1\" minCardinality=\"1\" shouldDisplay=\"false\">\r\n					<AllowedTerm codeMeaning=\"Satellites\" codeValue=\"09-1\" codingSchemeDesignator=\"VASARI\">\r\n						<CharacteristicQuantification name=\"Satellites Characteristic Quantification\" annotatorConfidence=\"false\">\r\n							<NonQuantifiable codeMeaning=\"Present\" codeValue=\"G-A203\" codingSchemeDesignator=\"SRT\"/>\r\n							<NonQuantifiable codeMeaning=\"Absent\" codeValue=\"R-4089B\" codingSchemeDesignator=\"SRT\"/>\r\n							<NonQuantifiable codeMeaning=\"Indeterminate\" codeValue=\"C48658\" codingSchemeDesignator=\"NCI\"/>\r\n						</CharacteristicQuantification>\r\n					</AllowedTerm>\r\n				</ImagingObservationCharacteristic>\r\n				<ImagingObservationCharacteristic label=\"Calvarial Remodeling\" itemNumber=\"21\" explanatoryText=\"Erosion of inner table of skull (possibly a secondary sign of slow growth)\" annotatorConfidence=\"false\" maxCardinality=\"1\" minCardinality=\"1\" shouldDisplay=\"false\">\r\n					<AllowedTerm codeMeaning=\"Calvarial Remodeling\" codeValue=\"10-1\" codingSchemeDesignator=\"VASARI\">\r\n						<CharacteristicQuantification name=\"Calvarial Remodeling Characteristic Quantification\" annotatorConfidence=\"false\">\r\n							<NonQuantifiable codeMeaning=\"Present\" codeValue=\"G-A203\" codingSchemeDesignator=\"SRT\"/>\r\n							<NonQuantifiable codeMeaning=\"Absent\" codeValue=\"R-4089B\" codingSchemeDesignator=\"SRT\"/>\r\n							<NonQuantifiable codeMeaning=\"Indeterminate\" codeValue=\"C48658\" codingSchemeDesignator=\"NCI\"/>\r\n						</CharacteristicQuantification>\r\n					</AllowedTerm>\r\n				</ImagingObservationCharacteristic>				\r\n				<ImagingObservationCharacteristic label=\"FLAIR Signal Cross Midline\" itemNumber=\"22\" explanatoryText=\"FLAIR signal spans white matter commissures extending into contralateral hemisphere. (exclusive of herniated ipsilateral tissue).\" annotatorConfidence=\"false\" maxCardinality=\"1\" minCardinality=\"1\" shouldDisplay=\"false\">\r\n					<AllowedTerm codeMeaning=\"FLAIR Signal Cross Midline\" codeValue=\"02-1\" codingSchemeDesignator=\"VASARI\">\r\n						<CharacteristicQuantification name=\"FLAIR Signal Cross Midline Characteristic Quantification\" annotatorConfidence=\"false\">\r\n							<NonQuantifiable codeMeaning=\"Not Applicable\" codeValue=\"R-400F9\" codingSchemeDesignator=\"SRT\"/>\r\n							<NonQuantifiable codeMeaning=\"Present\" codeValue=\"G-A203\" codingSchemeDesignator=\"SRT\"/>\r\n							<NonQuantifiable codeMeaning=\"Absent\" codeValue=\"R-4089B\" codingSchemeDesignator=\"SRT\"/>\r\n						</CharacteristicQuantification>\r\n					</AllowedTerm>\r\n				</ImagingObservationCharacteristic>\r\n			</ImagingObservation>\r\n			<AllowedTerm codeMeaning=\"mass\" codeValue=\"RID3874\" codingSchemeDesignator=\"RadLex\"/>\r\n		</Component>\r\n		<Component itemNumber=\"3\" label=\"Eloquent Brain\" explanatoryText=\"Select Eloquent Brain Involvement feature\" maxCardinality=\"1\" minCardinality=\"1\" shouldDisplay=\"true\">\r\n			<Inference annotatorConfidence=\"false\"/>\r\n			<AllowedTerm codeMeaning=\"Eloquent Brain : None\" codeValue=\"85\" codingSchemeDesignator=\"VASARI\"/>\r\n			<AllowedTerm codeMeaning=\"Eloquent Brain : Speech Motor\" codeValue=\"86\" codingSchemeDesignator=\"VASARI\"/>\r\n			<AllowedTerm codeMeaning=\"Eloquent Brain : Speech Receptive\" codeValue=\"87\" codingSchemeDesignator=\"VASARI\"/>\r\n			<AllowedTerm codeMeaning=\"Eloquent Brain : Motor\" codeValue=\"88\" codingSchemeDesignator=\"VASARI\"/>\r\n			<AllowedTerm codeMeaning=\"Eloquent Brain : Vision\" codeValue=\"89\" codingSchemeDesignator=\"VASARI\"/>\r\n		</Component>		\r\n	</Template>\r\n</TemplateContainer>\r\n','2011-08-05 05:55:28','2011-08-05 05:55:28',1),(2,2,'<?xml version=\"1.0\" encoding=\"UTF-8\"?>\r\n<TemplateContainer creationDate=\"1967-08-13\" authors=\"The AIM team\" name=\"VASARI Template\" version=\"1\" description=\"This template is used by an application program to present readers and adjudicators with available option for evaluating brain tumor studies.\" xsi:schemaLocation=\"gme://caCORE.caCORE/3.2/edu.northwestern.radiology.AIMTemplate AIMTemplate_v1rv18.xsd\" xmlns=\"gme://caCORE.caCORE/3.2/edu.northwestern.radiology.AIMTemplate\" xmlns:xsi=\"http://www.w3.org/2001/XMLSchema-instance\">\r\n	<Template name=\"VASARI_TWO\" version=\"1.0\" authors=\"AIM Team\" creationDate=\"2010-02-15\" description=\"This is a VASARI template version 2.\" uid=\"123.987.32156.8454.1213156464.87987\" codeValue=\"VASARI-1\" codeMeaning=\"Brain Tumor Measurement\" codingSchemeDesignator=\"VASARI\">\r\n		<Component itemNumber=\"1\" label=\"Tumor Location\" explanatoryText=\"Location of lesion geographic center (not all areas of involvement).\" maxCardinality=\"1\" minCardinality=\"1\" shouldDisplay=\"true\">\r\n			<AnatomicEntity annotatorConfidence=\"true\">\r\n			<AnatomicEntityCharacteristic itemNumber=\"1\" annotatorConfidence=\"false\" minCardinality=\"1\" label=\"Side of Tumor Center\" shouldDisplay=\"true\" maxCardinality=\"1\" explanatoryText=\"Side of lesion center\">\r\n				<AllowedTerm codeMeaning=\"Right\" codeValue=\"G-A100\" codingSchemeDesignator=\"SRT\"/>\r\n				<AllowedTerm codeMeaning=\"Center/Bilateral\" codeValue=\"G-A102\" codingSchemeDesignator=\"SRT\"/>\r\n				<AllowedTerm codeMeaning=\"Left\" codeValue=\"G-A101\" codingSchemeDesignator=\"SRT\"/>\r\n			</AnatomicEntityCharacteristic>\r\n			</AnatomicEntity>\r\n			<AllowedTerm codeMeaning=\"Frontal lobe\" codeValue=\"RID6440\" codingSchemeDesignator=\"RadLex\"/>\r\n			<AllowedTerm codeMeaning=\"Temporal lobe\" codeValue=\"RID6476\" codingSchemeDesignator=\"RadLex\"/>\r\n			<AllowedTerm codeMeaning=\"Insula\" codeValue=\"RID6472\" codingSchemeDesignator=\"RadLex\"/>\r\n			<AllowedTerm codeMeaning=\"Parietal lobe\" codeValue=\"RID6493\" codingSchemeDesignator=\"RadLex\"/>\r\n			<AllowedTerm codeMeaning=\"Occipital lobe\" codeValue=\"RID6502\" codingSchemeDesignator=\"RadLex\"/>\r\n			<AllowedTerm codeMeaning=\"Brainstem\" codeValue=\"RID6677\" codingSchemeDesignator=\"RadLex\"/>\r\n			<AllowedTerm codeMeaning=\"Cerebellum\" codeValue=\"RID6815\" codingSchemeDesignator=\"RadLex\"/>\r\n			<AllowedTerm codeMeaning=\"Basal Ganglia\" codeValue=\"RID6537\" codingSchemeDesignator=\"RadLex\"/>\r\n			<AllowedTerm codeMeaning=\"Thalamus\" codeValue=\"RID6578\" codingSchemeDesignator=\"RadLex\"/>\r\n			<AllowedTerm codeMeaning=\"Corpus Callosum\" codeValue=\"RID6915\" codingSchemeDesignator=\"RadLex\"/>\r\n		</Component>\r\n		<Component itemNumber=\"2\" label=\"Lesion\" explanatoryText=\"Select the type of lesion\" maxCardinality=\"1\" minCardinality=\"1\" shouldDisplay=\"false\">\r\n			<ImagingObservation annotatorConfidence=\"true\">\r\n				<ImagingObservationCharacteristic label=\"Enhancement Quality\" itemNumber=\"1\" explanatoryText=\"Qualitative degree of contrast enhancement is defined as having all or portions of the tumor that demonstrate significantly higher signal on the postcontrast T1W images compared to precontrast T1W images. Mild/Minimal = when barely discernable degree of enhancement is present relative to pre-contrast images. Marked/avid = obvious tissue enhancement\" maxCardinality=\"1\" minCardinality=\"1\" annotatorConfidence=\"false\" shouldDisplay=\"false\">\r\n					<AllowedTerm codeMeaning=\"Enhancement Quality\" codeValue=\"67-1\" codingSchemeDesignator=\"VASARI\">\r\n						<CharacteristicQuantification name=\"Enhancement Quality Characteristic Quantification\" annotatorConfidence=\"false\">\r\n							<NonQuantifiable codeMeaning=\"None\" codeValue=\"R-40775\" codingSchemeDesignator=\"SRT\"/>\r\n							<NonQuantifiable codeMeaning=\"Mild\" codeValue=\"R-404FA\" codingSchemeDesignator=\"SRT\"/>\r\n							<NonQuantifiable codeMeaning=\"Marked\" codeValue=\"A10767872\" codingSchemeDesignator=\"NCI\"/>\r\n							<NonQuantifiable codeMeaning=\"Indeterminate\" codeValue=\"C48658\" codingSchemeDesignator=\"NCI\"/>\r\n							<!-- A prominent or noticeable characteristic. -->\r\n						</CharacteristicQuantification>\r\n					</AllowedTerm>\r\n				</ImagingObservationCharacteristic>\r\n				<ImagingObservationCharacteristic label=\"Proportion Enhancing\" itemNumber=\"2\" explanatoryText=\"Visually, when scanning through the entire tumor volume, what proportion of the entire tumor would you estimate is enhancing. (Assuming that the the entire abnormality may be comprised of: (1) an enhancing component, (2) a non-enhancing component, (3) a necrotic component and (4) a edema component.)\" annotatorConfidence=\"false\" maxCardinality=\"1\" minCardinality=\"1\" shouldDisplay=\"false\">\r\n					<AllowedTerm codeMeaning=\"Proportion Enhancing\" codeValue=\"59-1\" codingSchemeDesignator=\"VASARI\">\r\n						<CharacteristicQuantification name=\"Percent Proportion Enhancing Characteristic Quantification\" annotatorConfidence=\"false\">\r\n							<Interval minValue=\"0\" ucumString=\"%\" maxValue=\"0\" maxOperator=\"Equal\" minOperator=\"Equal\"/>\r\n							<Interval minValue=\"5\" ucumString=\"%\" maxValue=\"5\" maxOperator=\"LessThan\" minOperator=\"LessThan\"/>\r\n							<Interval minValue=\"6\" ucumString=\"%\" maxValue=\"33\" maxOperator=\"LessThanEqual\" minOperator=\"GreaterThanEqual\"/>\r\n							<Interval minValue=\"34\" ucumString=\"%\" maxValue=\"67\" maxOperator=\"LessThanEqual\" minOperator=\"GreaterThanEqual\"/>\r\n							<Interval minValue=\"68\" ucumString=\"%\" maxValue=\"95\" maxOperator=\"LessThanEqual\" minOperator=\"GreaterThanEqual\"/>\r\n							<Interval minValue=\"95\" ucumString=\"%\" maxValue=\"95\" maxOperator=\"GreaterThan\" minOperator=\"GreaterThan\"/>\r\n							<Interval minValue=\"100\" ucumString=\"%\" maxValue=\"100\" maxOperator=\"Equal\" minOperator=\"Equal\"/>\r\n							<NonQuantifiable codeMeaning=\"Not Applicable\" codeValue=\"R-400F9\" codingSchemeDesignator=\"SRT\"/>\r\n							<NonQuantifiable codeMeaning=\"Indeterminate\" codeValue=\"C48658\" codingSchemeDesignator=\"NCI\"/>\r\n						</CharacteristicQuantification>\r\n					</AllowedTerm>\r\n				</ImagingObservationCharacteristic>\r\n				<ImagingObservationCharacteristic label=\"Proportion nCET\" itemNumber=\"3\" explanatoryText=\"Visually, when scanning through the entire tumor, what proportion of the entire tumor is estimated to represent non-enhancing tumor (not edema)? Nonenhancing tumor is defined as regions of T2W hyperintensity (less than the intensity of cerebrospinal fluid, with corresponding T1W hypointensity) that are associated with mass effect and architectural distortion, including blurring of the gray-white interface.(Assuming that the the entire abnormality may be comprised of: (1) an enhancing component, (2) a non-enhancing component, (3) a necrotic component and (4) a edema component.)\" annotatorConfidence=\"false\" maxCardinality=\"1\" minCardinality=\"1\" shouldDisplay=\"false\">\r\n					<AllowedTerm codeMeaning=\"Proportion nCET\" codeValue=\"19-1\" codingSchemeDesignator=\"VASARI\">\r\n						<CharacteristicQuantification name=\"Percent Proportion nCET Characteristic Quantification\" annotatorConfidence=\"false\">\r\n							<Interval minValue=\"0\" ucumString=\"%\" maxValue=\"0\" maxOperator=\"Equal\" minOperator=\"Equal\"/>\r\n							<Interval minValue=\"5\" ucumString=\"%\" maxValue=\"5\" maxOperator=\"LessThan\" minOperator=\"LessThan\"/>\r\n							<Interval minValue=\"6\" ucumString=\"%\" maxValue=\"33\" maxOperator=\"LessThanEqual\" minOperator=\"GreaterThanEqual\"/>\r\n							<Interval minValue=\"34\" ucumString=\"%\" maxValue=\"67\" maxOperator=\"LessThanEqual\" minOperator=\"GreaterThanEqual\"/>\r\n							<Interval minValue=\"68\" ucumString=\"%\" maxValue=\"95\" maxOperator=\"LessThanEqual\" minOperator=\"GreaterThanEqual\"/>\r\n							<Interval minValue=\"95\" ucumString=\"%\" maxValue=\"95\" maxOperator=\"GreaterThan\" minOperator=\"GreaterThan\"/>\r\n							<Interval minValue=\"100\" ucumString=\"%\" maxValue=\"100\" maxOperator=\"Equal\" minOperator=\"Equal\"/>\r\n							<NonQuantifiable codeMeaning=\"Not Applicable\" codeValue=\"R-400F9\" codingSchemeDesignator=\"SRT\"/>\r\n							<NonQuantifiable codeMeaning=\"Indeterminate\" codeValue=\"C48658\" codingSchemeDesignator=\"NCI\"/>\r\n						</CharacteristicQuantification>\r\n					</AllowedTerm>\r\n				</ImagingObservationCharacteristic>\r\n				<ImagingObservationCharacteristic label=\"Proportion Necrosis\" itemNumber=\"4\" explanatoryText=\"Visually, when scanning through the entire tumor volume, what proportion of the tumor is estimated to represent necrosis. Necrosis is defined as a region within the tumor that does not enhance or shows markedly diminished enhancement, is high on T2W and proton density images, is low on T1W images, and has an irregular border). (Assuming that the the entire abnormality may be comprised of: (1) an enhancing component, (2) a non-enhancing component, (3) a necrotic component and (4) a edema component.)\" annotatorConfidence=\"false\" maxCardinality=\"1\" minCardinality=\"1\" shouldDisplay=\"false\">					\r\n					<AllowedTerm codeMeaning=\"Proportion Necrosis\" codeValue=\"49-1\" codingSchemeDesignator=\"VASARI\">\r\n						<CharacteristicQuantification name=\"Percent Necrosis Characteristic Quantification\" annotatorConfidence=\"false\">\r\n							<Interval minValue=\"0\" ucumString=\"%\" maxValue=\"0\" maxOperator=\"Equal\" minOperator=\"Equal\"/>\r\n							<Interval minValue=\"5\" ucumString=\"%\" maxValue=\"5\" maxOperator=\"LessThan\" minOperator=\"LessThan\"/>\r\n							<Interval minValue=\"6\" ucumString=\"%\" maxValue=\"33\" maxOperator=\"LessThanEqual\" minOperator=\"GreaterThanEqual\"/>\r\n							<Interval minValue=\"34\" ucumString=\"%\" maxValue=\"67\" maxOperator=\"LessThanEqual\" minOperator=\"GreaterThanEqual\"/>\r\n							<Interval minValue=\"68\" ucumString=\"%\" maxValue=\"95\" maxOperator=\"LessThanEqual\" minOperator=\"GreaterThanEqual\"/>\r\n							<Interval minValue=\"95\" ucumString=\"%\" maxValue=\"95\" maxOperator=\"GreaterThan\" minOperator=\"GreaterThan\"/>\r\n							<Interval minValue=\"100\" ucumString=\"%\" maxValue=\"100\" maxOperator=\"Equal\" minOperator=\"Equal\"/>\r\n							<NonQuantifiable codeMeaning=\"Indeterminate\" codeValue=\"C48658\" codingSchemeDesignator=\"NCI\"/>\r\n						</CharacteristicQuantification>\r\n					</AllowedTerm>\r\n				</ImagingObservationCharacteristic>\r\n				<ImagingObservationCharacteristic label=\"Proportion of Edema\" itemNumber=\"5\" explanatoryText=\"What proportion of the entire abnormality is vasogenic edema? (Edema should be greater in signal than than nCET and somewhat lower in signal than CSF. Pseudopods are characteristic of edema). (Assuming that the the entire abnormality may be comprised of: (1) an enhancing component, (2) a non-enhancing component, (3) a necrotic component and (4) a edema component.)\" annotatorConfidence=\"false\" maxCardinality=\"1\" minCardinality=\"1\" shouldDisplay=\"false\">\r\n					<AllowedTerm codeMeaning=\"Proportion of Edema\" codeValue=\"34-1\" codingSchemeDesignator=\"VASARI\">\r\n						<CharacteristicQuantification name=\"Percent Proportion of Edema Characteristic Quantification\" annotatorConfidence=\"false\">\r\n							<Interval minValue=\"0\" ucumString=\"%\" maxValue=\"0\" maxOperator=\"Equal\" minOperator=\"Equal\"/>\r\n							<Interval minValue=\"5\" ucumString=\"%\" maxValue=\"5\" maxOperator=\"LessThan\" minOperator=\"LessThan\"/>\r\n							<Interval minValue=\"6\" ucumString=\"%\" maxValue=\"33\" maxOperator=\"LessThanEqual\" minOperator=\"GreaterThanEqual\"/>\r\n							<Interval minValue=\"34\" ucumString=\"%\" maxValue=\"67\" maxOperator=\"LessThanEqual\" minOperator=\"GreaterThanEqual\"/>\r\n							<Interval minValue=\"68\" ucumString=\"%\" maxValue=\"95\" maxOperator=\"LessThanEqual\" minOperator=\"GreaterThanEqual\"/>\r\n							<Interval minValue=\"95\" ucumString=\"%\" maxValue=\"95\" maxOperator=\"GreaterThan\" minOperator=\"GreaterThan\"/>\r\n							<Interval minValue=\"100\" ucumString=\"%\" maxValue=\"100\" maxOperator=\"Equal\" minOperator=\"Equal\"/>\r\n							<NonQuantifiable codeMeaning=\"Indeterminate\" codeValue=\"C48658\" codingSchemeDesignator=\"NCI\"/>\r\n						</CharacteristicQuantification>\r\n					</AllowedTerm>\r\n				</ImagingObservationCharacteristic>\r\n				<ImagingObservationCharacteristic label=\"Cysts\" itemNumber=\"6\" explanatoryText=\"Cysts are well defined, rounded, often eccentric regions of very bright T2W signal and low T1W signal essentially matching CSF signal intensity, with very thin, regular, smooth, nonenhancing or regularly enhancing walls, possibly with thin, regular, internal septations.\" annotatorConfidence=\"false\" maxCardinality=\"1\" minCardinality=\"1\" shouldDisplay=\"false\">\r\n					<AllowedTerm codeMeaning=\"Cyst\" codeValue=\"80-1\" codingSchemeDesignator=\"VASARI\">\r\n						<CharacteristicQuantification name=\"Cyst Characteristic Quantification\" annotatorConfidence=\"false\">\r\n							<NonQuantifiable codeMeaning=\"Absent\" codeValue=\"R-4089B\" codingSchemeDesignator=\"SRT\"/>\r\n							<NonQuantifiable codeMeaning=\"Present\" codeValue=\"G-A203\" codingSchemeDesignator=\"SRT\"/>\r\n							<NonQuantifiable codeMeaning=\"Indeterminate\" codeValue=\"C48658\" codingSchemeDesignator=\"NCI\"/>\r\n						</CharacteristicQuantification>\r\n					</AllowedTerm>\r\n				</ImagingObservationCharacteristic>\r\n				<ImagingObservationCharacteristic label=\"Multifocal or Multicentric\" itemNumber=\"7\" explanatoryText=\"Multifocal is defined as having at least one region of tumor, either enhancing or nonenhancing, which is not contiguous with the dominant lesion and is outside the region of signal abnormality (edema) surrounding the dominant mass. This can be defined as those resulting from dissemination or growth by an established route, spread via commissural or other pathways, or via CSF channels or local metastases, whereas Multicentric are widely separated lesions in different lobes or different hemispheres that cannot be attributed to one of the previously mentioned pathways. Gliomatosis refers to generalized neoplastic transformation of the white matter of most of a hemisphere. \" annotatorConfidence=\"false\" maxCardinality=\"1\" minCardinality=\"1\" shouldDisplay=\"false\">\r\n					<AllowedTerm codeMeaning=\"Multifocal or Multicentric\" codeValue=\"13\" codingSchemeDesignator=\"VASARI\">\r\n						<CharacteristicQuantification name=\"Multifocal or Multicentric Characteristic Quantification\" annotatorConfidence=\"false\">\r\n							<NonQuantifiable codeMeaning=\"Focal\" codeValue=\"RID5702\" codingSchemeDesignator=\"RadLex\"/>\r\n							<NonQuantifiable codeMeaning=\"Multifocal\" codeValue=\"RID5703\" codingSchemeDesignator=\"RadLex\"/>\r\n							<NonQuantifiable codeMeaning=\"Multicentric\" codeValue=\"R-40353\" codingSchemeDesignator=\"SRT\"/>\r\n							<NonQuantifiable codeMeaning=\"Gliomatosis\" codeValue=\"RID4427\" codingSchemeDesignator=\"RadLex\"/>\r\n							<NonQuantifiable codeMeaning=\"Indeterminate\" codeValue=\"C48658\" codingSchemeDesignator=\"NCI\"/>\r\n						</CharacteristicQuantification>\r\n					</AllowedTerm>\r\n				</ImagingObservationCharacteristic>\r\n				<ImagingObservationCharacteristic label=\"T1/FLAIR Ratio\" itemNumber=\"8\" explanatoryText=\"Tumor feature summary. [Mixed, expansive or infiltrative]. Expansive = size of pre-contrast T1 abnormality (exclusive of signal intensity) approximates size of FLAIR abnormality. Mixed = Size of T1 abnormality moderately less than FLAIR envelope; Infiltrative = Size of pre-contrast T1 abnormality much smaller than size of FLAIR abnormality. (Use T2 if FLAIR is not provided)\" annotatorConfidence=\"false\" maxCardinality=\"1\" minCardinality=\"1\" shouldDisplay=\"false\">\r\n				    <AllowedTerm codeMeaning=\"T1/FLAIR ratio\" codeValue=\"90-1\" codingSchemeDesignator=\"VASARI\">\r\n						<CharacteristicQuantification name=\"T1/FLAIR Characteristic Quantification\" annotatorConfidence=\"false\">\r\n							<NonQuantifiable codeMeaning=\"Not Applicable\" codeValue=\"R-400F9\" codingSchemeDesignator=\"SRT\"/>\r\n							<NonQuantifiable codeMeaning=\"Expansive \" codeValue=\"90\" codingSchemeDesignator=\"VASARI\"/>\r\n							<NonQuantifiable codeMeaning=\"Mixed\" codeValue=\"RID5890\" codingSchemeDesignator=\"RadLex\"/>\r\n							<NonQuantifiable codeMeaning=\"Infiltrative\" codeValue=\"92\" codingSchemeDesignator=\"VASARI\"/>\r\n							<NonQuantifiable codeMeaning=\"Indeterminate\" codeValue=\"C48658\" codingSchemeDesignator=\"NCI\"/>\r\n						</CharacteristicQuantification>\r\n					</AllowedTerm>\r\n				</ImagingObservationCharacteristic>\r\n				<ImagingObservationCharacteristic label=\"Thickness of Enhancing Margin\" itemNumber=\"9\" explanatoryText=\"The scoring is not applicable if there is no contrast enhancement. If most of the enhancing rim is thin, regular, and measures &lt; 3mm in thickness and has homogenous enhancement the grade is thin. If most of the rim demonstrates nodular and/or thick enhancement, the grade is thick. If there is only solid enhancement and no rim, the grade is solid.\" annotatorConfidence=\"false\" maxCardinality=\"1\" minCardinality=\"1\" shouldDisplay=\"false\">\r\n					<AllowedTerm codeMeaning=\"Thickness of Enhancing Margin\" codeValue=\"01-1\" codingSchemeDesignator=\"VASARI\">\r\n						<CharacteristicQuantification name=\"Thickness of Enhancing Margin Characteristic Quantification\" annotatorConfidence=\"false\">\r\n							<Numerical ucumString=\"mm\" value=\"3\" operator=\"LessThan\"/>\r\n							<Numerical ucumString=\"mm\" value=\"3\" operator=\"GreaterThan\"/>\r\n							<NonQuantifiable codeMeaning=\"None\" codeValue=\"R-40775\" codingSchemeDesignator=\"SRT\"/>\r\n							<NonQuantifiable codeMeaning=\"Solid\" codeValue=\"G-A301\" codingSchemeDesignator=\"SRT\"/>\r\n							<NonQuantifiable codeMeaning=\"Indeterminate\" codeValue=\"C48658\" codingSchemeDesignator=\"NCI\"/>\r\n						</CharacteristicQuantification>\r\n					</AllowedTerm>					\r\n				</ImagingObservationCharacteristic>\r\n				<ImagingObservationCharacteristic label=\"Definition of the Enhancing Margin\" itemNumber=\"10\" explanatoryText=\"The scoring is not applicable (n/a) if there is no contrast enhancement. Assess if most of the outside margin of the enhancement is well defined or poorly defined.\" annotatorConfidence=\"false\" maxCardinality=\"1\" minCardinality=\"1\" shouldDisplay=\"false\">\r\n					<AllowedTerm codeMeaning=\"Enhancing Margin Definition\" codeValue=\"12\" codingSchemeDesignator=\"VASARI\">\r\n						<CharacteristicQuantification name=\"Enhancing Margin Definition Characteristic Quantification\" annotatorConfidence=\"false\">\r\n							<NonQuantifiable codeMeaning=\"Not Applicable\" codeValue=\"R-400F9\" codingSchemeDesignator=\"SRT\"/>\r\n							<NonQuantifiable codeMeaning=\"Well-defined\" codeValue=\"C81187\" codingSchemeDesignator=\"NCI\"/>\r\n							<!-- Having a clean and distinct outline as if precisely cut along the edges. -->\r\n							<NonQuantifiable codeMeaning=\"Poorly defined\" codeValue=\"R-428E7\" codingSchemeDesignator=\"SRT\"/>\r\n							<NonQuantifiable codeMeaning=\"Indeterminate\" codeValue=\"C48658\" codingSchemeDesignator=\"NCI\"/>\r\n						</CharacteristicQuantification>\r\n					</AllowedTerm>\r\n				</ImagingObservationCharacteristic>\r\n				<ImagingObservationCharacteristic label=\"Definition of the Non-Enhancing Margin\" itemNumber=\"11\" explanatoryText=\"If most of the outside nonenhancing margin of the tumor is well defined and smooth (geographic), versus if the margin is ill-defined and irregular.\" annotatorConfidence=\"true\" maxCardinality=\"1\" minCardinality=\"1\" shouldDisplay=\"false\">\r\n					<AllowedTerm codeMeaning=\"Definition of the Non-Enhancing Margin\" codeValue=\"70\" codingSchemeDesignator=\"VASARI\">\r\n						<CharacteristicQuantification name=\"Definition of the Non-Enhancing Margin Characteristic Quantification\" annotatorConfidence=\"false\">\r\n							<NonQuantifiable codeMeaning=\"Well-defined\" codeValue=\"71\" codingSchemeDesignator=\"VASARI\"/>\r\n							<NonQuantifiable codeMeaning=\"Poorly-defined\" codeValue=\"72\" codingSchemeDesignator=\"VASARI\"/>\r\n							<NonQuantifiable codeMeaning=\"Indeterminate\" codeValue=\"C48658\" codingSchemeDesignator=\"NCI\"/>\r\n							<!-- Lacking perfect symmetry or evenness. -->\r\n						</CharacteristicQuantification>\r\n					</AllowedTerm>\r\n				</ImagingObservationCharacteristic>\r\n				<ImagingObservationCharacteristic label=\"Hemorrhage\" itemNumber=\"12\" explanatoryText=\"Intrinsic hemorrhage in the tumor matrix. Any intrinsic foci of low signal on T2WI or high signal on T1WI. (Use Bo image if necessary for confirmation.)\" annotatorConfidence=\"false\" maxCardinality=\"1\" minCardinality=\"1\" shouldDisplay=\"false\">\r\n					<AllowedTerm codeMeaning=\"Hemorrhage\" codeValue=\"81-1\" codingSchemeDesignator=\"VASARI\">\r\n						<CharacteristicQuantification name=\"Hemorrhage Characteristic Quantification\" annotatorConfidence=\"false\">\r\n							<NonQuantifiable codeMeaning=\"Present\" codeValue=\"G-A203\" codingSchemeDesignator=\"SRT\"/>\r\n							<NonQuantifiable codeMeaning=\"Absent\" codeValue=\"R-4089B\" codingSchemeDesignator=\"SRT\"/>\r\n							<NonQuantifiable codeMeaning=\"Indeterminate\" codeValue=\"C48658\" codingSchemeDesignator=\"NCI\"/>\r\n						</CharacteristicQuantification>\r\n					</AllowedTerm>\r\n				</ImagingObservationCharacteristic>				\r\n				<ImagingObservationCharacteristic label=\"Diffusion\" itemNumber=\"13\" explanatoryText=\"Predominantly facilitated or restricted diffusion in the enhancing or nCET portion of the tumor. (Based on ADC map). Equivocal is neither. No ADC, use no-images. Proportion of tissue not relevant.\" annotatorConfidence=\"false\" maxCardinality=\"1\" minCardinality=\"1\" shouldDisplay=\"false\">\r\n					<AllowedTerm codeMeaning=\"Diffusion\" codeValue=\"033-1\" codingSchemeDesignator=\"VASARI\">\r\n						<CharacteristicQuantification name=\"Diffusion Characteristic Quantification\" annotatorConfidence=\"false\">\r\n							<NonQuantifiable codeMeaning=\"No Image\" codeValue=\"03-1\" codingSchemeDesignator=\"SRT\"/>\r\n							<NonQuantifiable codeMeaning=\"Facilitated\" codeValue=\"C82345\" codingSchemeDesignator=\"SRT\"/>\r\n							<NonQuantifiable codeMeaning=\"Restricted\" codeValue=\"C82346\" codingSchemeDesignator=\"SRT\"/>\r\n							<NonQuantifiable codeMeaning=\"Mixed\" codeValue=\"RID5890\" codingSchemeDesignator=\"RadLex\"/>\r\n							<NonQuantifiable codeMeaning=\"Indeterminate\" codeValue=\"C48658\" codingSchemeDesignator=\"NCI\"/>\r\n						</CharacteristicQuantification>\r\n					</AllowedTerm>\r\n				</ImagingObservationCharacteristic>				\r\n				<ImagingObservationCharacteristic label=\"Pial invasion\" itemNumber=\"14\" explanatoryText=\"Enhancement of the overlying pia in continuity with enhancing or non-enhancing tumor\" annotatorConfidence=\"false\" maxCardinality=\"1\" minCardinality=\"1\" shouldDisplay=\"false\">\r\n					<AllowedTerm codeMeaning=\"Pial invasion\" codeValue=\"04-1\" codingSchemeDesignator=\"VASARI\">\r\n						<CharacteristicQuantification name=\"Pial invasion Characteristic Quantification\" annotatorConfidence=\"false\">\r\n							<NonQuantifiable codeMeaning=\"Present\" codeValue=\"G-A203\" codingSchemeDesignator=\"SRT\"/>\r\n							<NonQuantifiable codeMeaning=\"Absent\" codeValue=\"R-4089B\" codingSchemeDesignator=\"SRT\"/>\r\n							<NonQuantifiable codeMeaning=\"Indeterminate\" codeValue=\"C48658\" codingSchemeDesignator=\"NCI\"/>\r\n						</CharacteristicQuantification>\r\n					</AllowedTerm>\r\n				</ImagingObservationCharacteristic>				\r\n				<ImagingObservationCharacteristic label=\"Ependymal Extension\" itemNumber=\"15\" explanatoryText=\"Extension of any adjacent ependymal surface in continuity with enhancing or non-enhancing tumor matrix\" annotatorConfidence=\"false\" maxCardinality=\"1\" minCardinality=\"1\" shouldDisplay=\"false\">\r\n					<AllowedTerm codeMeaning=\"Ependymal Extension\" codeValue=\"05-1\" codingSchemeDesignator=\"VASARI\">\r\n						<CharacteristicQuantification name=\"Ependymal Extension Characteristic Quantification\" annotatorConfidence=\"false\">\r\n							<NonQuantifiable codeMeaning=\"Present\" codeValue=\"G-A203\" codingSchemeDesignator=\"SRT\"/>\r\n							<NonQuantifiable codeMeaning=\"Absent\" codeValue=\"R-4089B\" codingSchemeDesignator=\"SRT\"/>\r\n							<NonQuantifiable codeMeaning=\"Indeterminate\" codeValue=\"C48658\" codingSchemeDesignator=\"NCI\"/>\r\n						</CharacteristicQuantification>\r\n					</AllowedTerm>\r\n				</ImagingObservationCharacteristic>				\r\n				<ImagingObservationCharacteristic label=\"Cortical Involvement\" itemNumber=\"16\" explanatoryText=\"Non-enhancing or enhancing tumor extending to the cortical mantle, or cortex is no longer distinguishable relative to subjacent tumor.\" annotatorConfidence=\"false\" maxCardinality=\"1\" minCardinality=\"1\" shouldDisplay=\"false\">\r\n					<AllowedTerm codeMeaning=\"Cortical Involvement\" codeValue=\"06-1\" codingSchemeDesignator=\"VASARI\">\r\n						<CharacteristicQuantification name=\"Cortical Involvement Characteristic Quantification\" annotatorConfidence=\"false\">\r\n							<NonQuantifiable codeMeaning=\"Present\" codeValue=\"G-A203\" codingSchemeDesignator=\"SRT\"/>\r\n							<NonQuantifiable codeMeaning=\"Absent\" codeValue=\"R-4089B\" codingSchemeDesignator=\"SRT\"/>\r\n							<NonQuantifiable codeMeaning=\"Indeterminate\" codeValue=\"C48658\" codingSchemeDesignator=\"NCI\"/>\r\n						</CharacteristicQuantification>\r\n					</AllowedTerm>\r\n				</ImagingObservationCharacteristic>				\r\n				<ImagingObservationCharacteristic label=\"Deep WM Invasion\" itemNumber=\"17\" explanatoryText=\"Enhancing or nCET tumor extending into the internal capsule or brainstem.\" annotatorConfidence=\"false\" maxCardinality=\"1\" minCardinality=\"1\" shouldDisplay=\"false\">\r\n					<AllowedTerm codeMeaning=\"Deep WM Invasion\" codeValue=\"6\" codingSchemeDesignator=\"VASARI\">\r\n						<CharacteristicQuantification name=\"Deep WM Invasion Characteristic Quantification\" annotatorConfidence=\"false\">\r\n 						    <NonQuantifiable codeMeaning=\"None\" codeValue=\"R-40775\" codingSchemeDesignator=\"SRT\"/>\r\n							<NonQuantifiable codeMeaning=\"Internal Capsule\" codeValue=\"RID6941\" codingSchemeDesignator=\"RadLex\"/>\r\n							<NonQuantifiable codeMeaning=\"Corpus Callosum\" codeValue=\"RID6915\" codingSchemeDesignator=\"RadLex\"/>\r\n							<NonQuantifiable codeMeaning=\"Brainstem\" codeValue=\"RID6677\" codingSchemeDesignator=\"RadLex\"/>\r\n							<NonQuantifiable codeMeaning=\"Indeterminate\" codeValue=\"C48658\" codingSchemeDesignator=\"NCI\"/>\r\n						</CharacteristicQuantification>\r\n					</AllowedTerm>\r\n				</ImagingObservationCharacteristic>				\r\n				<ImagingObservationCharacteristic label=\"nCET Tumor Crosses Midline\" itemNumber=\"18\" explanatoryText=\"nCET crosses into contralateral hemisphere through white matter commissures (exclusive of herniated ipsilateral tissue).\" annotatorConfidence=\"false\" maxCardinality=\"1\" minCardinality=\"1\" shouldDisplay=\"false\">\r\n					<AllowedTerm codeMeaning=\"nCET Tumor Crosses Midline\" codeValue=\"63\" codingSchemeDesignator=\"VASARI\">\r\n						<CharacteristicQuantification name=\"nCET Tumor Crosses Midline Characteristic Quantification\" annotatorConfidence=\"false\">\r\n							<NonQuantifiable codeMeaning=\"Not Applicable\" codeValue=\"R-400F9\" codingSchemeDesignator=\"SRT\"/>\r\n							<NonQuantifiable codeMeaning=\"Present\" codeValue=\"G-A203\" codingSchemeDesignator=\"SRT\"/>\r\n							<NonQuantifiable codeMeaning=\"Absent\" codeValue=\"R-4089B\" codingSchemeDesignator=\"SRT\"/>\r\n							<NonQuantifiable codeMeaning=\"Indeterminate\" codeValue=\"C48658\" codingSchemeDesignator=\"NCI\"/>\r\n						</CharacteristicQuantification>\r\n					</AllowedTerm>\r\n				</ImagingObservationCharacteristic>				\r\n				<ImagingObservationCharacteristic label=\"Enhancing Tumor Crosses Midline\" itemNumber=\"19\" explanatoryText=\"Enhancing tissue crosses into contralateral hemisphere through white matter commisures (exclusive of herniated ipsilateral tissue).\" annotatorConfidence=\"true\" maxCardinality=\"1\" minCardinality=\"1\" shouldDisplay=\"false\">\r\n					<AllowedTerm codeMeaning=\"Enhancing Tumor Crosses Midline\" codeValue=\"3\" codingSchemeDesignator=\"VASARI\">\r\n						<CharacteristicQuantification name=\"Enhancing Tumor Crosses Midline Characteristic Quantification\" annotatorConfidence=\"false\">\r\n							<NonQuantifiable codeMeaning=\"Not Applicable\" codeValue=\"R-400F9\" codingSchemeDesignator=\"SRT\"/>\r\n							<NonQuantifiable codeMeaning=\"Present\" codeValue=\"G-A203\" codingSchemeDesignator=\"SRT\"/>\r\n							<NonQuantifiable codeMeaning=\"Absent\" codeValue=\"R-4089B\" codingSchemeDesignator=\"SRT\"/>\r\n							<NonQuantifiable codeMeaning=\"Indeterminate\" codeValue=\"C48658\" codingSchemeDesignator=\"NCI\"/>\r\n						</CharacteristicQuantification>\r\n					</AllowedTerm>\r\n				</ImagingObservationCharacteristic>\r\n				<ImagingObservationCharacteristic label=\"Satellites\" itemNumber=\"20\" explanatoryText=\"A satellite lesion is an area of enhancement within the region of signal abnormality surrounding the dominant lesion but not contiguous in any part with the major tumor mass.\" annotatorConfidence=\"false\" maxCardinality=\"1\" minCardinality=\"1\" shouldDisplay=\"false\">\r\n					<AllowedTerm codeMeaning=\"Satellites\" codeValue=\"09-1\" codingSchemeDesignator=\"VASARI\">\r\n						<CharacteristicQuantification name=\"Satellites Characteristic Quantification\" annotatorConfidence=\"false\">\r\n							<NonQuantifiable codeMeaning=\"Present\" codeValue=\"G-A203\" codingSchemeDesignator=\"SRT\"/>\r\n							<NonQuantifiable codeMeaning=\"Absent\" codeValue=\"R-4089B\" codingSchemeDesignator=\"SRT\"/>\r\n							<NonQuantifiable codeMeaning=\"Indeterminate\" codeValue=\"C48658\" codingSchemeDesignator=\"NCI\"/>\r\n						</CharacteristicQuantification>\r\n					</AllowedTerm>\r\n				</ImagingObservationCharacteristic>\r\n				<ImagingObservationCharacteristic label=\"Calvarial Remodeling\" itemNumber=\"21\" explanatoryText=\"Erosion of inner table of skull (possibly a secondary sign of slow growth)\" annotatorConfidence=\"false\" maxCardinality=\"1\" minCardinality=\"1\" shouldDisplay=\"false\">\r\n					<AllowedTerm codeMeaning=\"Calvarial Remodeling\" codeValue=\"10-1\" codingSchemeDesignator=\"VASARI\">\r\n						<CharacteristicQuantification name=\"Calvarial Remodeling Characteristic Quantification\" annotatorConfidence=\"false\">\r\n							<NonQuantifiable codeMeaning=\"Present\" codeValue=\"G-A203\" codingSchemeDesignator=\"SRT\"/>\r\n							<NonQuantifiable codeMeaning=\"Absent\" codeValue=\"R-4089B\" codingSchemeDesignator=\"SRT\"/>\r\n							<NonQuantifiable codeMeaning=\"Indeterminate\" codeValue=\"C48658\" codingSchemeDesignator=\"NCI\"/>\r\n						</CharacteristicQuantification>\r\n					</AllowedTerm>\r\n				</ImagingObservationCharacteristic>				\r\n				<ImagingObservationCharacteristic label=\"FLAIR Signal Cross Midline\" itemNumber=\"22\" explanatoryText=\"FLAIR signal spans white matter commissures extending into contralateral hemisphere. (exclusive of herniated ipsilateral tissue).\" annotatorConfidence=\"false\" maxCardinality=\"1\" minCardinality=\"1\" shouldDisplay=\"false\">\r\n					<AllowedTerm codeMeaning=\"FLAIR Signal Cross Midline\" codeValue=\"02-1\" codingSchemeDesignator=\"VASARI\">\r\n						<CharacteristicQuantification name=\"FLAIR Signal Cross Midline Characteristic Quantification\" annotatorConfidence=\"false\">\r\n							<NonQuantifiable codeMeaning=\"Not Applicable\" codeValue=\"R-400F9\" codingSchemeDesignator=\"SRT\"/>\r\n							<NonQuantifiable codeMeaning=\"Present\" codeValue=\"G-A203\" codingSchemeDesignator=\"SRT\"/>\r\n							<NonQuantifiable codeMeaning=\"Absent\" codeValue=\"R-4089B\" codingSchemeDesignator=\"SRT\"/>\r\n						</CharacteristicQuantification>\r\n					</AllowedTerm>\r\n				</ImagingObservationCharacteristic>\r\n			</ImagingObservation>\r\n			<AllowedTerm codeMeaning=\"mass\" codeValue=\"RID3874\" codingSchemeDesignator=\"RadLex\"/>\r\n		</Component>\r\n		<Component itemNumber=\"3\" label=\"Eloquent Brain\" explanatoryText=\"Select Eloquent Brain Involvement feature\" maxCardinality=\"1\" minCardinality=\"1\" shouldDisplay=\"true\">\r\n			<Inference annotatorConfidence=\"false\"/>\r\n			<AllowedTerm codeMeaning=\"Eloquent Brain : None\" codeValue=\"85\" codingSchemeDesignator=\"VASARI\"/>\r\n			<AllowedTerm codeMeaning=\"Eloquent Brain : Speech Motor\" codeValue=\"86\" codingSchemeDesignator=\"VASARI\"/>\r\n			<AllowedTerm codeMeaning=\"Eloquent Brain : Speech Receptive\" codeValue=\"87\" codingSchemeDesignator=\"VASARI\"/>\r\n			<AllowedTerm codeMeaning=\"Eloquent Brain : Motor\" codeValue=\"88\" codingSchemeDesignator=\"VASARI\"/>\r\n			<AllowedTerm codeMeaning=\"Eloquent Brain : Vision\" codeValue=\"89\" codingSchemeDesignator=\"VASARI\"/>\r\n		</Component>		\r\n	</Template>\r\n</TemplateContainer>\r\n','2011-08-11 15:38:23','2011-08-11 15:38:23',2);
/*!40000 ALTER TABLE `template_stores` ENABLE KEYS */;
UNLOCK TABLES;

--
-- Table structure for table `users`
--

DROP TABLE IF EXISTS `users`;
/*!40101 SET @saved_cs_client     = @@character_set_client */;
/*!40101 SET character_set_client = utf8 */;
CREATE TABLE `users` (
  `id` int(11) NOT NULL AUTO_INCREMENT,
  `created_at` datetime DEFAULT NULL,
  `updated_at` datetime DEFAULT NULL,
  `login` varchar(255) DEFAULT NULL,
  `crypted_password` varchar(255) DEFAULT NULL,
  `password_salt` varchar(255) DEFAULT NULL,
  `persistence_token` varchar(255) DEFAULT NULL,
  `login_count` int(11) DEFAULT NULL,
  `last_request_at` datetime DEFAULT NULL,
  `last_login_at` datetime DEFAULT NULL,
  `current_login_at` datetime DEFAULT NULL,
  `current_login_ip` varchar(255) DEFAULT NULL,
  `last_login_ip` varchar(255) DEFAULT NULL,
  `first_name` varchar(255) DEFAULT NULL,
  `last_name` varchar(255) DEFAULT NULL,
  `email` varchar(255) DEFAULT NULL,
  PRIMARY KEY (`id`)
) ENGINE=InnoDB AUTO_INCREMENT=4 DEFAULT CHARSET=latin1;
/*!40101 SET character_set_client = @saved_cs_client */;

--
-- Dumping data for table `users`
--

LOCK TABLES `users` WRITE;
/*!40000 ALTER TABLE `users` DISABLE KEYS */;
INSERT INTO `users` VALUES (1,'2011-08-04 14:25:47','2011-09-05 02:13:59','mattyo1','bf3363e6adda153d3f97e66a336b4704c5d92fa9c6eff733c06ad003bb2dac1de360f527c94213f4bb86d5c2db5e91a0bd2414ac68d3163c0535fa5e918f5482','NbuVtxK5RYjjGPieFbJA','51b9213abae74e5f2ee4815b5cce251ad10cbd95a92cfa8376cc4816dc518c05f26218f2466f12aee2d1865e4ac7c9df098340589ce672326f44eadbff694e20',25,'2011-09-05 02:13:59','2011-08-18 22:41:22','2011-09-02 02:01:37','76.118.69.19','98.118.94.89','Matt','Ouellette','matt@sperlinginteractive.com'),(2,'2011-08-04 15:22:44','2011-08-30 16:50:08','bucklera','2abf1157e72fb4bd8392bf731a0472a7b37bd2fe6e69c324ff6751e88b129a3e7e06d708aa86e938a1c0df6e15ff3d84e3e83784862dcc393810a6bea47b565c','rZxf1FlXh0WzUmVurWG','e78db217331f571d820a13e522606830a01a9673f75f18fee69e0ca0d6534eb82b7a18c3f98c9778131ecbe7f24b02454fda4d76ad4411c7037fc149cbaedd48',8,'2011-08-30 16:50:08','2011-08-18 23:10:42','2011-08-28 14:08:20','98.118.3.12','98.118.94.89','Andrew','Buckler','andrew.buckler@bbmsc.com'),(3,'2011-08-19 11:43:50','2011-08-21 14:32:23','wernsing','e417f1f86db230bd8386cf72de92c944a5e69683c266ee132345523be2e36c56bbf65b4d2c98e4eb07a23492289d5db1578c512d6f4f93084df64e61f02e3f2e','JoXatzMsxIt4W9ZcJLw2','94559fde836a1e7f351015ddef9b28e86374bf2d4b40c301b7cbc78ba4e1ed4aaa5f370ebe0de39c57fea306514f92ad13874dad201cf039576636c32cf14941',4,'2011-08-21 14:32:23','2011-08-19 11:53:17','2011-08-21 14:29:07','71.248.189.30','71.248.189.30','Gary','Wernsing','gary.wernsing@bbmsc.com');
/*!40000 ALTER TABLE `users` ENABLE KEYS */;
UNLOCK TABLES;
/*!40103 SET TIME_ZONE=@OLD_TIME_ZONE */;

/*!40101 SET SQL_MODE=@OLD_SQL_MODE */;
/*!40014 SET FOREIGN_KEY_CHECKS=@OLD_FOREIGN_KEY_CHECKS */;
/*!40014 SET UNIQUE_CHECKS=@OLD_UNIQUE_CHECKS */;
/*!40101 SET CHARACTER_SET_CLIENT=@OLD_CHARACTER_SET_CLIENT */;
/*!40101 SET CHARACTER_SET_RESULTS=@OLD_CHARACTER_SET_RESULTS */;
/*!40101 SET COLLATION_CONNECTION=@OLD_COLLATION_CONNECTION */;
/*!40111 SET SQL_NOTES=@OLD_SQL_NOTES */;

-- Dump completed on 2011-09-05 14:10:27
